,MSZoning,GrLivArea,YrSold,YearBuilt,SalePrice,LotArea,FullBath,BedroomAbvGr,TotRmsAbvGrd,GarageCars,GarageFinish,1stFlrSF,2ndFlrSF
0,RL,1710,2008,2003,208500,8450,2,3,8,2,RFn,856,854
1,RL,1262,2007,1976,181500,9600,2,3,6,2,RFn,1262,0
2,RL,1786,2008,2001,223500,11250,2,3,6,2,RFn,920,866
3,RL,1717,2006,1915,140000,9550,1,3,7,3,Unf,961,756
4,RL,2198,2008,2000,250000,14260,2,4,9,3,RFn,1145,1053
5,RL,1362,2009,1993,143000,14115,1,1,5,2,Unf,796,566
6,RL,1694,2007,2004,307000,10084,2,3,7,2,RFn,1694,0
7,RL,2090,2009,1973,200000,10382,2,3,7,2,RFn,1107,983
8,RM,1774,2008,1931,129900,6120,2,2,8,2,Unf,1022,752
9,RL,1077,2008,1939,118000,7420,1,2,5,1,RFn,1077,0
10,RL,1040,2008,1965,129500,11200,1,3,5,1,Unf,1040,0
11,RL,2324,2006,2005,345000,11924,3,4,11,3,Fin,1182,1142
12,RL,912,2008,1962,144000,12968,1,2,4,1,Unf,912,0
13,RL,1494,2007,2006,279500,10652,2,3,7,3,RFn,1494,0
14,RL,1253,2008,1960,157000,10920,1,2,5,1,RFn,1253,0
15,RM,854,2007,1929,132000,6120,1,2,5,2,Unf,854,0
16,RL,1004,2010,1970,149000,11241,1,2,5,2,Fin,1004,0
17,RL,1296,2006,1967,90000,10791,2,2,6,2,Unf,1296,0
18,RL,1114,2008,2004,159000,13695,1,3,6,2,Unf,1114,0
19,RL,1339,2009,1958,139000,7560,1,3,6,1,Unf,1339,0
20,RL,2376,2006,2005,325300,14215,3,4,9,3,RFn,1158,1218
21,RM,1108,2007,1930,139400,7449,1,3,6,1,Unf,1108,0
22,RL,1795,2008,2002,230000,9742,2,3,7,2,RFn,1795,0
23,RM,1060,2007,1976,129900,4224,1,3,6,2,Unf,1060,0
24,RL,1060,2010,1968,154000,8246,1,3,6,1,Unf,1060,0
25,RL,1600,2009,2007,256300,14230,2,3,7,3,RFn,1600,0
26,RL,900,2010,1951,134800,7200,1,3,5,2,Unf,900,0
27,RL,1704,2010,2007,306000,11478,2,3,7,3,RFn,1704,0
28,RL,1600,2006,1957,207500,16321,1,2,6,1,RFn,1600,0
29,RM,520,2008,1927,68500,6324,1,1,4,1,Unf,520,0
30,C (all),1317,2008,1920,40000,8500,1,3,6,1,Unf,649,668
31,RL,1228,2008,1966,149350,8544,1,3,6,1,Unf,1228,0
32,RL,1234,2008,2007,179900,11049,2,3,7,2,RFn,1234,0
33,RL,1700,2010,1959,165500,10552,1,4,6,2,RFn,1700,0
34,RL,1561,2007,2005,277500,7313,2,2,6,2,Fin,1561,0
35,RL,2452,2006,2004,309000,13418,3,4,9,3,Fin,1132,1320
36,RL,1097,2009,1994,145000,10859,1,3,6,2,Unf,1097,0
37,RL,1297,2009,1954,153000,8532,1,3,5,2,Fin,1297,0
38,RL,1057,2010,1953,109000,7922,1,3,5,1,Unf,1057,0
39,RL,1152,2008,1955,82000,6040,2,2,6,0,,1152,0
40,RL,1324,2006,1965,160000,8658,2,3,6,2,RFn,1324,0
41,RL,1328,2007,1959,170000,16905,1,2,5,1,RFn,1328,0
42,RL,884,2007,1983,144000,9180,1,2,5,2,RFn,884,0
43,RL,938,2008,1975,130250,9200,1,3,5,1,Unf,938,0
44,RL,1150,2006,1959,141000,7945,1,3,6,1,RFn,1150,0
45,RL,1752,2010,2005,319900,7658,2,2,6,2,RFn,1752,0
46,RL,2149,2009,2003,239686,12822,1,1,6,2,RFn,1518,631
47,FV,1656,2007,2006,249700,11096,2,3,7,3,RFn,1656,0
48,RM,1452,2009,1920,113000,4456,2,2,8,0,,736,716
49,RL,955,2007,1966,127000,7742,1,3,6,1,Unf,955,0
50,RL,1470,2007,1997,177000,13869,2,3,6,2,Fin,794,676
51,RM,1176,2006,1934,114500,6240,1,3,6,2,Unf,816,0
52,RM,816,2010,1963,110000,8472,1,2,5,2,Unf,816,0
53,RL,1842,2006,1981,385000,50271,0,0,5,3,Fin,1842,0
54,RL,1360,2007,1955,130000,7134,1,3,6,2,Unf,1360,0
55,RL,1425,2008,1964,180500,10175,2,3,7,2,RFn,1425,0
56,FV,1739,2009,1999,172500,2645,2,3,7,2,Fin,983,756
57,RL,1720,2006,2004,196500,11645,2,3,7,2,RFn,860,860
58,RL,2945,2006,2006,438780,13682,3,3,10,3,Fin,1426,1519
59,RL,780,2008,1972,124900,7200,1,2,4,1,Unf,780,0
60,RL,1158,2006,2004,158000,13072,1,3,5,2,Unf,1158,0
61,RM,1111,2007,1920,101000,7200,1,3,6,1,Unf,581,530
62,RL,1370,2007,2006,202500,6442,2,2,6,2,RFn,1370,0
63,RM,1710,2010,1921,140000,10300,2,3,9,2,Unf,902,808
64,RL,2034,2009,1997,219500,9375,2,3,8,2,RFn,1057,977
65,RL,2473,2007,2004,317000,9591,2,4,9,3,RFn,1143,1330
66,RL,2207,2010,1970,180000,19900,2,3,7,2,RFn,2207,0
67,RL,1479,2007,2003,226000,10665,2,3,7,2,RFn,1479,0
68,RM,747,2010,1945,80000,4608,1,2,4,1,Unf,747,0
69,RL,2287,2006,1953,225000,15593,2,3,7,2,Fin,1304,983
70,RL,2223,2007,1973,244000,13651,2,3,8,2,Fin,2223,0
71,RL,845,2007,1982,129500,7599,1,2,4,2,Unf,845,0
72,RL,1718,2009,1998,185000,10141,2,3,7,2,Fin,885,833
73,RL,1086,2010,1954,144900,10200,1,3,6,2,Unf,1086,0
74,RM,1605,2010,1915,107400,5790,2,3,8,1,Unf,840,765
75,RM,988,2009,1973,91000,1596,1,2,5,1,Unf,526,462
76,RL,952,2008,1956,135750,8475,1,2,4,1,Unf,952,0
77,RM,1285,2008,1948,127000,8635,1,2,6,1,Unf,1072,213
78,RL,1768,2010,1968,136500,10778,2,4,8,0,,1768,0
79,RM,1230,2009,1910,110000,10440,1,2,5,2,Unf,682,548
80,RL,2142,2009,1968,193500,13000,2,4,8,1,Fin,1182,960
81,RM,1337,2006,1998,153500,4500,2,2,5,2,Fin,1337,0
82,RL,1563,2008,2007,245000,10206,2,3,6,3,RFn,1563,0
83,RL,1065,2007,1960,126500,8892,1,3,6,2,Unf,1065,0
84,RL,1474,2009,1995,168500,8530,2,3,7,2,Fin,804,670
85,RL,2417,2006,1991,260000,16059,2,4,9,2,Unf,1301,1116
86,RL,1560,2009,2005,174000,11911,2,3,6,2,Fin,684,876
87,FV,1224,2009,2009,164500,3951,2,2,4,2,RFn,612,612
88,C (all),1526,2009,1915,85000,8470,1,2,6,0,,1013,0
89,RL,990,2007,1994,123600,8070,1,3,5,0,,990,0
90,RL,1040,2006,1950,109900,7200,1,2,4,2,Unf,1040,0
91,RL,1235,2006,1961,98600,8500,1,2,6,2,Unf,1235,0
92,RL,964,2009,1921,163500,13360,1,2,5,2,Unf,964,0
93,C (all),2291,2007,1910,133900,7200,2,4,9,2,Unf,1260,1031
94,RL,1786,2007,1997,204750,9337,2,3,7,2,RFn,905,881
95,RL,1470,2009,1993,185000,9765,2,3,6,2,Fin,680,790
96,RL,1588,2006,1999,214000,10264,2,3,6,2,RFn,1588,0
97,RL,960,2007,1965,94750,10921,1,3,6,1,Fin,960,0
98,RL,835,2010,1920,83000,10625,1,2,5,1,Unf,835,0
99,RL,1225,2010,1959,128950,9320,1,3,6,0,,1225,0
100,RL,1610,2010,1977,205000,10603,2,3,6,2,RFn,1610,0
101,RL,1732,2010,1985,178000,9206,2,3,7,2,Fin,977,755
102,RL,1535,2009,1979,118964,7018,2,4,8,2,Unf,1535,0
103,RL,1226,2010,2009,198900,10402,2,3,6,3,RFn,1226,0
104,RM,1818,2007,1931,169500,7758,1,4,7,1,Unf,1226,592
105,FV,1992,2008,2003,250000,9375,2,3,9,2,RFn,1053,939
106,RM,1047,2007,1885,100000,10800,1,2,6,1,Unf,1047,0
107,RM,789,2008,1948,115000,6000,1,2,5,1,Unf,789,0
108,RM,1517,2007,1919,115000,8500,2,3,7,0,,997,520
109,RL,1844,2010,1977,190000,11751,2,3,7,2,RFn,1844,0
110,RL,1855,2006,1954,136900,9525,2,4,7,1,Unf,1216,639
111,RL,1430,2010,2000,180000,7750,2,3,7,2,Fin,774,656
112,RL,2696,2007,2007,383970,9965,2,4,10,3,Fin,1282,1414
113,RL,2259,2007,1953,217000,21000,2,3,7,2,Unf,2259,0
114,RL,2320,2007,1945,259500,7259,2,3,9,1,Unf,1436,884
115,FV,1458,2007,1999,176000,3230,2,2,5,2,Unf,729,729
116,RL,1092,2009,1962,139000,11616,1,3,6,1,Unf,1092,0
117,RL,1125,2007,2006,155000,8536,1,2,5,2,Unf,1125,0
118,RL,3222,2010,1990,320000,12376,3,5,11,3,Unf,1699,1523
119,RL,1456,2006,2005,163990,8461,2,3,8,2,Fin,728,728
120,RL,988,2006,1969,180000,21453,1,1,4,2,Unf,988,0
121,RM,1123,2007,1939,100000,6060,1,3,4,1,Unf,772,351
122,RL,1080,2008,1958,136000,9464,1,3,5,1,Unf,1080,0
123,RL,1199,2008,1993,153900,7892,2,2,5,2,RFn,1199,0
124,RL,1586,2009,1979,181000,17043,2,3,7,2,Unf,1586,0
125,RM,754,2006,1935,84500,6780,1,2,5,0,,520,0
126,RL,958,2007,1976,128000,4928,2,2,5,2,RFn,958,0
127,RM,840,2007,1930,87000,4388,1,3,5,0,,840,0
128,RL,1348,2006,1966,155000,7590,1,3,6,2,RFn,660,688
129,RL,1053,2006,1958,150000,8973,1,3,6,2,RFn,1053,0
130,RL,2157,2006,1966,226000,14200,2,4,8,2,Fin,1216,941
131,RL,2054,2009,2000,244000,12224,2,3,7,2,RFn,1022,1032
132,RL,1327,2007,1959,150750,7388,1,3,7,2,Unf,1327,0
133,RL,1296,2009,2001,220000,6853,2,2,6,2,Fin,1296,0
134,RL,1721,2006,1968,180000,10335,2,3,7,2,RFn,1721,0
135,RL,1682,2008,1970,174000,10400,2,3,7,2,Unf,1682,0
136,RL,1214,2007,1967,143000,10355,2,3,5,1,RFn,1214,0
137,RL,1959,2006,1988,171000,11070,3,5,9,3,Unf,1959,0
138,RL,1852,2008,1999,230000,9066,2,3,7,3,Fin,1004,848
139,RL,1764,2009,1997,231500,15426,2,3,7,2,RFn,928,836
140,RL,864,2010,1971,115000,10500,1,3,5,0,,864,0
141,RL,1734,2006,2005,260000,11645,2,3,7,2,Fin,1734,0
142,RL,1385,2010,1952,166000,8520,2,4,6,2,Unf,910,475
143,RL,1501,2009,1999,204000,10335,2,3,6,2,RFn,1501,0
144,RM,1728,2006,1963,125000,9100,2,6,10,2,Unf,1728,0
145,RM,1709,2006,2004,130000,2522,2,3,7,2,Unf,970,739
146,RM,875,2009,1931,105000,6120,1,2,5,1,Unf,875,0
147,RL,2035,2010,2001,222500,9505,2,3,8,2,Fin,884,1151
148,RL,1080,2008,2004,141000,7500,1,3,6,0,,1080,0
149,RM,1344,2006,1936,115000,6240,1,3,7,1,Unf,896,448
150,RL,969,2007,1975,122000,10356,1,3,5,2,Unf,969,0
151,RL,1710,2008,2007,372402,13891,2,2,6,3,RFn,1710,0
152,RL,1993,2006,1971,190000,14803,2,4,8,2,RFn,1097,896
153,RL,1252,2008,1960,235000,13500,1,1,4,2,RFn,1252,0
154,RM,1200,2006,1923,125000,11340,1,4,7,1,Unf,1200,0
155,RL,1096,2008,1924,79000,9600,1,2,5,0,,572,524
156,RL,1040,2006,1950,109500,7200,1,2,5,2,Unf,1040,0
157,RL,1968,2010,2009,269500,12003,2,4,8,3,Fin,774,1194
158,FV,1947,2010,2004,254900,12552,2,3,8,2,RFn,991,956
159,RL,2462,2006,2005,320000,19378,2,4,9,2,RFn,1392,1070
160,RL,1232,2008,1984,162500,11120,2,3,6,2,Unf,1232,0
161,RL,2668,2008,2003,412500,13688,2,3,10,3,Fin,1572,1096
162,RL,1541,2010,2005,220000,12182,2,3,7,2,RFn,1541,0
163,RL,882,2007,1956,103200,5500,1,1,4,0,,882,0
164,RM,1616,2007,1926,152000,5400,2,3,5,1,Unf,1149,467
165,RL,1355,2008,1940,127500,10106,2,4,6,0,,808,547
166,RL,1867,2009,1955,190000,10708,1,2,7,1,Fin,1867,0
167,RL,2161,2007,2007,325624,10562,1,3,8,3,Fin,1610,551
168,RL,1720,2007,2004,183500,8244,2,3,7,2,Fin,840,880
169,RL,1707,2006,1981,228000,16669,2,2,6,2,RFn,1707,0
170,RM,1382,2007,1941,128500,12358,1,2,7,2,Unf,854,0
171,RL,1656,2010,1960,215000,31770,1,3,7,2,Fin,1656,0
172,RL,1767,2006,1987,239000,5306,2,2,5,2,RFn,1064,703
173,RL,1362,2008,1961,163000,10197,1,3,6,2,Unf,1362,0
174,RL,1651,2008,1986,184000,12416,2,3,7,2,Fin,1651,0
175,RL,2158,2007,1950,243000,12615,2,4,7,2,Unf,2158,0
176,RL,2060,2007,1988,211000,10029,2,4,8,2,Unf,1164,896
177,RL,1920,2006,1958,172500,13650,2,4,8,2,Unf,1252,668
178,RL,2234,2009,2008,501837,17423,2,1,9,3,Fin,2234,0
179,RM,968,2007,1923,100000,8520,1,2,5,2,Unf,968,0
180,FV,1525,2007,2000,177000,2117,2,3,5,2,Unf,769,756
181,RL,1802,2006,1920,200100,7588,1,4,9,1,Unf,901,901
182,RL,1340,2007,1957,120000,9060,1,3,7,1,RFn,1340,0
183,RM,2082,2008,2003,200000,11426,2,3,6,2,Unf,1362,720
184,RL,1252,2006,1908,127000,7438,1,3,5,2,Unf,936,316
185,RM,3608,2006,1892,475000,22950,2,4,12,3,Unf,1518,1518
186,RL,1217,2009,1990,173000,9947,2,3,6,2,Unf,1217,0
187,RL,1656,2009,1916,135000,10410,2,3,8,1,Unf,808,704
188,RL,1224,2009,1979,153337,7018,0,2,6,2,Unf,1224,0
189,RL,1593,2008,2001,286000,4923,1,0,5,2,Fin,1593,0
190,RL,2727,2007,1932,315000,10570,2,3,10,2,Unf,1549,1178
191,RL,1479,2007,1972,184000,7472,1,4,7,2,Fin,725,754
192,RL,1431,2009,1999,192000,9017,2,3,6,2,Fin,1431,0
193,RM,1709,2006,2004,130000,2522,2,3,7,2,Unf,970,739
194,RL,864,2008,1972,127000,7180,1,3,5,1,Unf,864,0
195,RL,1456,2009,1976,148500,2280,2,3,7,2,Unf,855,601
196,RL,1726,2007,2007,311872,9416,2,3,8,3,Fin,1726,0
197,RL,3112,2006,1918,235000,25419,2,4,8,2,Unf,1360,1360
198,RM,2229,2009,1912,104000,5520,1,5,8,0,,929,929
199,RL,1713,2009,2004,274900,9591,2,3,7,3,Fin,1713,0
200,RM,1121,2010,2003,140000,8546,2,2,5,2,RFn,1121,0
201,RL,1279,2008,1977,171500,10125,2,3,6,2,Unf,1279,0
202,RL,1310,2006,1924,112000,7000,2,2,6,1,Unf,865,445
203,RM,848,2008,2004,149000,4438,1,1,3,2,RFn,848,0
204,RM,1284,2009,1947,110000,3500,1,2,5,1,Unf,720,564
205,RL,1442,2009,1990,180500,11851,2,3,5,2,RFn,1442,0
206,RL,1696,2007,1962,143900,13673,1,3,8,1,RFn,1696,0
207,RL,1100,2008,1960,141000,12493,1,3,6,1,RFn,1100,0
208,RL,2062,2007,1988,277000,14364,2,3,7,2,Fin,1180,882
209,RL,1092,2008,1964,145000,8250,1,3,6,2,RFn,1092,0
210,RL,864,2008,1925,98000,5604,1,2,5,0,,864,0
211,RL,1212,2010,2009,186000,10420,2,3,6,2,RFn,1212,0
212,FV,1852,2009,2009,252678,8640,2,3,7,2,RFn,932,920
213,RL,990,2006,1995,156000,13568,1,3,5,2,Unf,990,0
214,RL,1392,2010,1977,161750,10900,1,3,6,1,Fin,689,703
215,RL,1236,2006,1957,134450,10011,1,2,6,1,Unf,1236,0
216,RL,1436,2008,2004,210000,8450,2,3,8,2,Unf,1436,0
217,RM,1328,2006,1925,107000,9906,1,3,8,1,Unf,810,518
218,RL,1954,2008,1939,311500,15660,1,3,8,2,Unf,1137,817
219,RL,1248,2006,2005,167240,3010,2,2,5,2,Fin,1248,0
220,RL,1498,2006,2006,204900,8990,2,2,5,2,RFn,1498,0
221,RL,2267,2009,2002,200000,8068,2,4,8,2,RFn,1010,1257
222,RL,1552,2006,1975,179900,11475,2,3,6,2,RFn,811,741
223,RL,864,2009,1971,97000,10500,1,2,4,2,Unf,864,0
224,RL,2392,2009,2003,386250,13472,2,3,8,3,Fin,2392,0
225,RM,1302,2009,1971,112000,1680,2,3,6,1,Unf,630,672
226,RL,2520,2007,1995,290000,9950,2,4,9,3,RFn,1214,1306
227,RM,987,2008,1970,106000,1869,1,2,5,1,Unf,483,504
228,RL,912,2010,1967,125000,8521,1,3,5,1,Unf,912,0
229,RL,1555,2009,2005,192500,3182,2,2,7,2,Fin,1555,0
230,RL,1194,2010,1959,148000,8760,1,3,6,1,RFn,1194,0
231,RL,2794,2009,1995,403000,15138,2,4,9,3,Fin,1490,1304
232,RM,987,2006,1972,94500,1680,1,2,5,1,Unf,483,504
233,RL,894,2010,1976,128200,10650,1,3,5,1,Unf,894,0
234,RL,1960,2010,2002,216500,7851,2,4,8,2,Fin,860,1100
235,RM,987,2008,1971,89500,1680,1,2,5,1,Unf,483,504
236,RL,1414,2010,2004,185500,8773,2,3,6,2,RFn,1414,0
237,RL,1744,2010,1993,194500,9453,2,3,7,2,RFn,1014,730
238,RL,1694,2007,2007,318000,12030,2,3,7,3,Fin,1694,0
239,RL,1487,2010,1945,113000,8741,1,3,7,1,Unf,798,689
240,FV,1566,2010,2008,262500,9000,2,3,7,2,RFn,1566,0
241,RM,866,2007,1945,110500,3880,1,2,4,0,,866,0
242,RM,1440,2006,1900,79000,5000,1,3,6,1,Unf,889,551
243,RL,1217,2009,1980,120000,10762,1,3,6,1,RFn,626,591
244,RL,2110,2010,1994,205000,8880,2,3,8,2,RFn,1222,888
245,RL,1872,2006,1988,241500,10400,2,3,6,2,Fin,1872,0
246,RM,1928,2006,1910,137000,9142,2,4,9,1,Unf,908,1020
247,RL,1375,2006,1954,140000,11310,1,2,5,2,Unf,1375,0
248,RL,1668,2007,2003,180000,11317,2,3,8,2,RFn,840,828
249,RL,2144,2007,1958,277000,159000,2,4,7,2,Fin,1444,700
250,RL,1306,2010,1940,76500,5350,1,3,6,0,,1306,0
251,RM,1625,2007,2006,235000,4750,2,2,5,2,Fin,1625,0
252,RL,1640,2008,2004,173000,8366,2,3,6,2,RFn,798,842
253,RL,1302,2007,1964,158000,9350,2,3,7,1,RFn,1302,0
254,RL,1314,2010,1957,145000,8400,1,3,5,1,RFn,1314,0
255,RL,2291,2006,1999,230000,8738,2,4,8,2,Fin,1005,1286
256,FV,1728,2008,2003,207500,8791,2,3,7,2,RFn,864,864
257,RL,1604,2009,2006,220000,8814,2,3,8,2,RFn,1604,0
258,RL,1792,2008,2001,231500,12435,2,3,7,2,RFn,963,829
259,RM,882,2008,1956,97000,12702,1,2,4,1,Unf,882,0
260,RL,1382,2009,1962,176000,19296,1,3,6,2,Unf,1382,0
261,RL,2574,2007,2007,276000,9588,2,3,10,3,Fin,1482,1092
262,RL,1212,2006,1977,151000,8471,1,3,6,2,Unf,1212,0
263,RM,1316,2010,1929,130000,5500,1,3,6,2,Unf,926,0
264,RM,764,2008,1925,73000,5232,1,2,4,2,Unf,764,0
265,RL,1422,2008,1981,175500,12090,2,3,7,2,Fin,1422,0
266,RL,1511,2006,1997,185000,11207,2,3,8,2,Fin,802,709
267,RL,2192,2008,1939,179500,8400,2,4,8,1,Unf,1052,720
268,RM,778,2008,1940,120500,6900,1,2,4,1,Fin,778,0
269,RL,1113,2007,1976,148000,7917,1,3,6,1,RFn,1113,0
270,FV,1939,2006,2006,266000,10728,2,3,8,3,RFn,1095,844
271,RL,1363,2008,1954,241500,39104,1,2,5,2,Unf,1363,0
272,RL,2270,2010,1999,290000,11764,2,4,9,3,Fin,1164,1106
273,RL,1632,2009,1958,139000,9600,2,3,6,1,RFn,1632,0
274,RL,816,2007,1982,124500,8314,1,2,5,1,Unf,816,0
275,RL,1548,2009,1925,205000,7264,2,3,5,2,Unf,952,596
276,RL,1560,2010,2003,201000,9196,2,3,7,2,Fin,1560,0
277,RL,864,2010,1951,141000,19138,1,2,4,2,Unf,864,0
278,RL,2121,2007,2006,415298,14450,2,3,8,3,Fin,2121,0
279,RL,2022,2008,1977,192000,10005,2,4,8,2,Fin,1156,866
280,RL,1982,2007,1989,228500,11287,2,3,7,2,Fin,1175,807
281,FV,1262,2006,2006,185000,7200,2,2,5,2,Fin,1262,0
282,RL,1314,2009,2007,207500,5063,2,2,6,2,RFn,1314,0
283,RL,1468,2009,2008,244600,9612,2,3,6,3,Fin,1468,0
284,RL,1575,2007,1992,179200,8012,2,2,5,2,RFn,1575,0
285,FV,1250,2007,2006,164700,4251,2,2,5,2,RFn,625,625
286,RL,1734,2006,1962,159000,9786,1,3,7,2,RFn,1085,649
287,RL,858,2006,1971,88000,8125,1,3,5,0,,858,0
288,RL,900,2010,1967,122000,9819,1,3,5,1,Unf,900,0
289,RL,1396,2007,1915,153575,8730,1,3,7,1,Unf,698,698
290,RL,1919,2006,2006,233230,15611,2,3,8,2,RFn,1079,840
291,RL,1716,2008,1912,135900,5687,2,6,9,0,,936,780
292,RL,1716,2009,1949,131000,11409,1,3,8,1,Unf,1148,568
293,RL,2263,2006,1977,235000,16659,2,3,9,2,Fin,1468,795
294,RL,1644,2009,1953,167000,9600,1,3,7,2,Fin,1644,0
295,RL,1003,2006,1984,142500,7937,1,3,6,2,Unf,1003,0
296,RM,1558,2007,1950,152000,13710,1,4,6,1,Unf,910,648
297,FV,1950,2007,1997,239000,7399,2,3,7,2,RFn,975,975
298,RL,1743,2007,1968,175000,11700,1,3,7,2,Unf,1041,702
299,RL,1152,2009,1950,158500,14000,1,3,6,1,Unf,1152,0
300,RL,1336,2006,1953,157000,15750,1,2,5,1,Unf,1336,0
301,RL,2452,2007,1998,267000,16226,2,4,9,2,Fin,1210,1242
302,RL,1541,2006,2001,205000,13704,2,3,6,3,RFn,1541,0
303,RL,894,2006,1972,149900,9800,1,3,5,2,Unf,894,0
304,RM,3493,2008,1880,295000,18386,3,3,10,3,Unf,1675,1818
305,RL,2000,2007,2004,305900,10386,2,3,8,3,Fin,2000,0
306,RL,2243,2007,1990,225000,13474,2,4,8,3,RFn,1122,1121
307,RM,1406,2008,1920,89500,7920,1,3,6,0,,1035,371
308,RL,861,2009,1940,82500,12342,1,1,4,2,Unf,861,0
309,RL,1944,2006,2003,360000,12378,2,3,8,3,Fin,1944,0
310,RL,1501,2006,1993,165600,7685,2,3,6,2,Fin,697,804
311,RL,972,2009,1948,132000,8000,1,2,5,1,Unf,972,0
312,RM,1118,2006,1939,119900,7800,1,3,5,2,Unf,793,325
313,RL,2036,2009,1965,375000,215245,2,3,8,2,RFn,2036,0
314,RM,1641,2006,1925,178000,9600,1,3,6,2,Unf,832,809
315,RL,1432,2009,2004,188500,7795,2,3,6,2,Fin,716,716
316,RL,2353,2009,1980,260000,13005,2,4,10,2,RFn,1153,1200
317,FV,1959,2007,2006,270000,9000,2,3,8,3,RFn,1088,871
318,RL,2646,2009,1993,260000,9900,2,4,9,3,RFn,1372,1274
319,RL,1472,2009,1980,187500,14115,2,3,6,2,Unf,1472,0
320,RL,2596,2006,2006,342643,16259,3,4,9,3,RFn,1249,1347
321,RL,2468,2007,2004,354000,12099,2,4,10,3,Fin,1136,1332
322,RL,2730,2007,1986,301000,10380,2,4,8,2,Fin,1553,1177
323,RM,1163,2006,1955,126175,5820,1,3,6,1,Unf,1163,0
324,RL,2978,2010,1967,242000,11275,2,5,11,2,Fin,1898,1080
325,RM,803,2007,1941,87000,5000,1,2,5,2,Unf,803,0
326,RL,1719,2008,1993,324000,10846,1,1,6,2,Fin,1719,0
327,RL,1383,2006,1960,145250,11600,1,3,7,1,RFn,1383,0
328,RL,2134,2009,1916,214500,11888,2,5,10,2,Unf,1445,689
329,RM,1192,2009,1920,78000,6402,1,3,6,1,Unf,596,596
330,RL,1728,2007,1964,119000,10624,2,6,10,1,Unf,1728,0
331,RL,1056,2007,1958,139000,8176,1,3,6,1,RFn,1056,0
332,RL,1629,2009,2003,284000,10655,2,3,7,3,RFn,1629,0
333,RM,1358,2008,2004,207000,8198,2,2,6,2,RFn,1358,0
334,RL,1638,2008,1998,192000,9042,2,3,7,2,Fin,943,695
335,RL,1786,2008,1965,228950,164660,2,3,7,2,Fin,1619,167
336,RL,1922,2007,2005,377426,14157,2,3,8,3,Fin,1922,0
337,RL,1536,2008,2002,214000,9135,2,3,7,2,RFn,1536,0
338,RL,1621,2006,1984,202500,14145,2,3,8,2,RFn,1621,0
339,RL,1215,2009,1958,155000,12400,1,3,6,1,Unf,1215,0
340,RL,1908,2010,2002,202900,14191,2,4,9,2,Fin,993,915
341,RH,841,2009,1950,82000,8400,1,2,4,1,Unf,841,0
342,RL,1040,2006,1949,87500,8544,2,2,6,2,Unf,1040,0
343,RL,1684,2008,2005,266000,8849,2,2,6,2,RFn,1684,0
344,RM,1112,2010,1976,85000,2592,1,3,4,1,Unf,536,576
345,RL,1577,2006,1939,140200,6435,1,3,6,1,Unf,972,605
346,RL,958,2007,1960,151500,12772,1,2,5,1,RFn,958,0
347,RL,1478,2009,1960,157500,17600,2,3,6,2,Unf,1478,0
348,RL,1626,2008,2003,154000,2448,2,2,6,2,RFn,764,862
349,RL,2728,2006,2005,437154,20431,2,4,10,3,Fin,1848,880
350,RL,1869,2007,2007,318061,7820,2,2,6,2,RFn,1869,0
351,RL,1453,2006,1986,190000,5271,1,2,6,2,RFn,1453,0
352,RL,1111,2008,1941,95000,9084,1,3,5,1,Unf,616,495
353,RM,720,2010,1928,105900,8520,1,2,5,2,Unf,720,0
354,RL,1595,2006,1940,140000,8400,1,2,6,1,Unf,1192,403
355,RL,1200,2007,1995,177500,11249,2,3,6,2,RFn,1200,0
356,RL,1167,2009,1992,173000,9248,2,3,6,2,RFn,1167,0
357,RM,1142,2007,1976,134000,4224,1,3,6,2,Fin,1142,0
358,RL,1352,2006,1958,130000,6930,1,3,6,1,Unf,1352,0
359,RL,1924,2006,1998,280000,12011,2,3,7,2,RFn,1086,838
360,RL,912,2007,1978,156000,7540,1,2,5,2,RFn,912,0
361,RL,1505,2008,1940,145000,9144,1,3,8,1,Unf,988,517
362,RL,1922,2009,2003,198500,7301,3,4,7,2,RFn,495,1427
363,RM,987,2009,1972,118000,1680,1,2,5,1,Unf,483,504
364,RL,1574,2006,1976,190000,18800,2,3,6,2,Fin,790,784
365,RM,1344,2009,1920,147000,10690,1,3,6,1,Unf,672,672
366,RL,1394,2009,1963,159000,9500,1,3,6,2,RFn,1394,0
367,RL,1431,2008,1962,165000,9150,1,3,6,1,RFn,1431,0
368,RL,1268,2010,1954,132000,7800,1,2,7,1,Fin,1268,0
369,RL,1287,2010,1959,162000,9830,1,3,7,2,Fin,1287,0
370,RL,1664,2006,2000,172400,8121,2,3,7,2,RFn,953,711
371,RL,1588,2008,1959,134432,17120,2,4,7,2,Fin,1120,468
372,RL,752,2010,1984,125000,7175,1,2,4,1,Unf,752,0
373,RL,1319,2009,1953,123000,10634,1,3,5,1,Unf,1319,0
374,RL,1928,2007,2003,219500,8200,2,4,8,2,Fin,847,1081
375,RL,904,2009,1922,61000,10020,0,1,4,0,,904,0
376,RL,914,2006,1996,148000,8846,1,2,5,2,Unf,914,0
377,FV,2466,2007,2004,340000,11143,3,4,8,2,RFn,1580,886
378,RL,1856,2010,2010,394432,11394,1,1,8,3,Fin,1856,0
379,RL,1800,2009,2000,179000,8123,2,3,7,2,Fin,1007,793
380,RL,1691,2010,1924,127000,5000,2,3,6,1,Unf,1026,665
381,FV,1301,2006,2006,187750,7200,2,2,5,2,RFn,1301,0
382,RL,1797,2007,2006,213500,9245,2,3,8,2,RFn,939,858
383,RH,784,2009,1928,76000,9000,1,2,5,2,Unf,784,0
384,RL,1953,2007,1992,240000,53107,2,3,9,2,Fin,1079,874
385,RL,1269,2010,2004,192000,3182,2,2,6,2,Fin,1269,0
386,RL,1184,2006,1910,81000,8410,1,5,8,0,,658,526
387,RL,1125,2009,1976,125000,7200,1,3,6,1,Unf,1125,0
388,RL,1479,2008,1999,191000,9382,2,3,6,2,RFn,1479,0
389,RL,2332,2008,2007,426000,12474,2,3,9,3,Fin,1742,590
390,RL,1367,2008,1900,119000,8405,1,4,7,1,Unf,961,406
391,RL,1961,2009,2001,215000,12209,2,3,7,2,Fin,804,1157
392,RL,882,2007,1959,106500,8339,1,3,5,1,RFn,882,0
393,RL,788,2006,1941,100000,7446,1,2,4,0,,788,0
394,RL,1034,2007,1940,109000,10134,1,2,5,1,Unf,735,299
395,RL,1144,2010,1956,129000,9571,1,3,6,1,Unf,1144,0
396,RL,894,2009,1972,123000,7200,1,2,6,2,RFn,894,0
397,RL,1812,2007,1962,169500,7590,2,4,8,1,RFn,876,936
398,RM,1077,2007,1920,67000,8967,1,2,6,1,Unf,1077,0
399,FV,1550,2009,2006,241000,8125,2,2,7,2,Fin,1112,438
400,RL,1288,2008,1996,245500,14963,1,1,4,2,Fin,1288,0
401,RL,1310,2006,2005,164990,8767,2,3,6,2,Fin,1310,0
402,RL,672,2008,1940,108000,10200,1,2,4,1,Unf,672,0
403,RL,2263,2006,1998,258000,12090,2,4,10,2,Fin,1165,1098
404,RL,1572,2007,1995,168000,10364,2,3,7,2,Fin,806,766
405,RL,1620,2009,1976,150000,9991,2,3,8,2,Unf,1620,0
406,RL,1639,2008,1936,115000,10480,1,3,6,1,Unf,1166,0
407,RL,1680,2008,1915,177000,15576,2,4,8,1,Unf,840,840
408,RL,2172,2007,2006,280000,14154,2,3,9,3,RFn,1071,1101
409,FV,2078,2008,2007,339750,10800,2,3,8,3,Fin,1050,1028
410,RL,1276,2009,1958,60000,9571,1,3,5,1,Unf,1276,0
411,RL,1056,2006,1955,145000,34650,1,3,5,2,Fin,1056,0
412,FV,1478,2010,2009,222000,4403,2,2,7,2,Fin,1478,0
413,RM,1028,2010,1927,115000,8960,1,2,5,2,Unf,1028,0
414,RL,2097,2008,1993,228000,11228,2,3,9,3,Unf,1080,1017
415,RL,1340,2007,2007,181134,8899,2,3,6,2,Fin,1340,0
416,RL,1400,2006,1978,149500,7844,1,3,6,2,Fin,672,728
417,RL,2624,2007,1918,239000,22420,2,4,10,3,Unf,1370,1254
418,RL,1134,2007,1940,126000,8160,1,3,7,1,Unf,756,378
419,RL,1056,2010,1968,142000,8450,1,3,6,1,Unf,1056,0
420,RM,1344,2008,1997,206300,7060,2,2,8,4,Fin,1344,0
421,RL,1602,2009,1977,215000,16635,2,3,8,2,Fin,1602,0
422,RL,988,2008,1954,113000,21750,1,2,4,2,RFn,988,0
423,RL,2630,2008,1998,315000,9200,2,4,8,3,Fin,1470,1160
424,RL,1196,2008,1956,139000,9000,1,2,6,1,RFn,1196,0
425,RM,1389,2009,1946,135000,3378,1,3,6,1,Unf,707,682
426,RL,1644,2009,1989,275000,12800,2,2,5,2,Fin,1644,0
427,RL,907,2008,1957,109008,8593,1,3,5,1,Unf,907,0
428,RL,1208,2007,2007,195400,6762,2,2,6,2,RFn,1208,0
429,RL,1412,2009,1988,175000,11457,2,3,6,2,Unf,1412,0
430,RM,987,2008,1971,85400,1680,1,2,4,1,Unf,483,504
431,RM,1198,2008,1920,79900,5586,1,4,7,0,,1088,110
432,RM,1365,2007,1971,122500,1920,1,2,6,2,Unf,765,600
433,RL,1604,2008,1997,181000,10839,2,3,7,2,Fin,926,678
434,RM,630,2008,1972,81000,1890,1,1,3,0,,630,0
435,RL,1661,2009,1996,212000,10667,2,3,6,2,RFn,827,834
436,RM,1118,2006,1920,116000,4400,1,2,6,2,Unf,734,384
437,RM,904,2009,1926,119000,6000,1,2,4,1,Unf,904,0
438,RL,694,2007,1913,90350,4280,1,2,4,1,Unf,694,0
439,RL,1196,2009,1920,110000,12354,1,3,7,2,Unf,684,512
440,RL,2402,2009,2008,555000,15431,2,2,10,3,Fin,2402,0
441,RL,1440,2008,1955,118000,12108,2,4,8,0,,1440,0
442,RM,1573,2008,1930,162900,6240,2,3,8,2,Unf,1128,445
443,RL,1258,2007,2006,172500,3922,2,2,6,3,Fin,1258,0
444,RL,1908,2008,1994,210000,8750,2,4,8,2,Unf,933,975
445,RL,1689,2009,1956,127500,9855,1,3,7,2,Unf,1689,0
446,RL,1888,2010,1966,190000,16492,2,2,6,2,Fin,1888,0
447,RL,1886,2006,1998,199900,11214,2,4,10,2,Fin,956,930
448,RM,1376,2006,1937,119500,8600,2,3,7,1,Unf,780,596
449,RM,1183,2007,1948,120000,6000,1,2,6,1,Unf,679,504
450,RM,813,2006,1930,110000,5684,1,2,5,1,Unf,813,0
451,RL,1533,2006,1975,280000,70761,2,2,5,2,Unf,1533,0
452,RL,1756,2007,1996,204000,9303,2,3,7,2,Fin,888,868
453,FV,1590,2009,2008,210000,9000,2,3,6,2,RFn,786,804
454,RL,1728,2006,1976,188000,9297,2,4,8,2,Unf,1728,0
455,RL,1242,2007,1973,175500,9600,1,3,6,2,Unf,1242,0
456,RM,1344,2008,1916,98000,4571,1,4,7,3,Unf,624,720
457,RL,1663,2008,1954,256000,53227,1,2,6,2,Fin,1663,0
458,RM,1666,2008,1925,161000,5100,1,3,7,1,Unf,833,833
459,RL,1203,2009,1950,110000,7015,1,3,5,1,Unf,979,224
460,FV,1935,2009,2009,263435,8004,2,3,8,2,Fin,832,1103
461,RL,1135,2009,1936,155000,7200,1,3,6,2,RFn,575,560
462,RL,864,2009,1965,62383,8281,1,3,5,1,Unf,864,0
463,RL,1660,2008,1934,188700,11988,1,3,6,1,Unf,849,811
464,RL,1040,2009,1978,124000,8430,2,3,5,0,,1040,0
465,RM,1414,2006,2004,178740,3072,2,2,6,2,Fin,1414,0
466,RL,1277,2007,1970,167000,10628,1,2,5,2,Unf,1277,0
467,RL,1644,2007,1942,146500,9480,1,3,7,1,Unf,888,756
468,RL,1634,2007,2006,250000,11428,2,3,7,3,RFn,1634,0
469,RL,1710,2008,1993,187000,9291,2,3,7,2,RFn,832,878
470,RL,1502,2010,1985,212000,6820,1,1,4,2,RFn,1502,0
471,RL,1969,2007,1977,190000,11952,2,3,8,2,RFn,1161,808
472,RM,1072,2008,2005,148000,3675,1,2,5,2,RFn,1072,0
473,RL,1976,2007,2006,440000,14977,2,2,7,3,RFn,1976,0
474,RL,1652,2007,2000,251000,5330,2,2,6,2,RFn,1652,0
475,RL,970,2007,1963,132500,8480,1,2,5,2,Unf,970,0
476,RL,1493,2008,1997,208900,13125,2,3,7,2,Fin,1493,0
477,RL,2643,2007,2006,380000,13693,2,3,9,3,Fin,2069,574
478,RL,1718,2009,2007,297000,10637,2,3,7,3,RFn,1718,0
479,RM,1131,2007,1937,89471,5925,1,2,7,2,Unf,1131,0
480,RL,1850,2006,2004,326000,16033,2,3,8,3,Fin,1850,0
481,RL,1792,2006,2003,374000,11846,2,2,6,3,Fin,1792,0
482,RM,1826,2009,1915,155000,2500,1,4,7,1,Unf,916,910
483,RM,1216,2006,1998,164000,4500,2,2,5,2,Unf,1216,0
484,RL,999,2007,1962,132500,7758,1,3,6,1,Unf,999,0
485,RL,1113,2009,1950,147000,9600,1,3,5,1,Unf,1113,0
486,RL,1073,2007,1965,156000,10289,1,3,6,2,RFn,1073,0
487,RL,1484,2007,1971,175000,12243,2,3,7,2,Unf,1484,0
488,RL,2414,2006,1900,160000,10800,2,3,10,2,Unf,1766,648
489,RM,630,2009,1970,86000,1526,1,1,3,1,Unf,630,0
490,RM,1304,2008,1976,115000,2665,1,3,4,1,Fin,616,688
491,RL,1578,2006,1941,133000,9490,1,3,5,1,Unf,958,620
492,RL,1456,2006,2006,172785,15578,2,3,8,2,RFn,728,728
493,RL,1269,2008,1960,155000,7931,1,3,6,1,Unf,1269,0
494,RM,886,2009,1938,91300,5784,1,2,4,1,Unf,886,0
495,C (all),720,2009,1920,34900,7879,1,2,4,0,,720,0
496,RL,3228,2007,1992,430000,12692,3,4,10,2,RFn,3228,0
497,RL,1820,2008,1925,184000,9120,2,4,8,1,Unf,1133,687
498,RL,899,2009,1967,130000,7800,1,3,5,1,Fin,899,0
499,RL,912,2007,1958,120000,7535,1,2,5,1,Fin,912,0
500,RM,1218,2007,1973,113000,1890,1,3,7,1,Unf,672,546
501,FV,1768,2008,2005,226700,9803,2,3,7,2,RFn,866,902
502,RL,1214,2007,1965,140000,9170,1,2,6,2,Unf,1214,0
503,RL,1801,2010,1959,289000,15602,2,1,6,2,Fin,1801,0
504,RL,1322,2009,1974,147000,2308,2,3,6,2,Unf,855,467
505,RM,1960,2009,1952,124500,7596,2,4,10,2,Unf,960,1000
506,RL,1911,2006,1993,215000,9554,2,3,8,2,RFn,1065,846
507,FV,1218,2009,2009,208300,7862,2,2,4,2,Fin,1218,0
508,RM,1378,2008,1928,161000,9600,2,3,7,2,Unf,689,689
509,RL,1041,2009,1959,124500,9600,1,3,6,1,RFn,1041,0
510,RL,1363,2009,1951,164900,14559,1,2,6,1,Unf,1363,0
511,RL,1368,2006,2005,202665,6792,2,2,6,2,RFn,1368,0
512,RL,864,2006,1958,129900,9100,1,3,5,2,Unf,864,0
513,RL,1080,2007,1983,134000,9187,1,3,5,2,Unf,1080,0
514,RL,789,2007,1926,96500,10594,1,2,5,1,Unf,789,0
515,RL,2020,2009,2009,402861,12220,2,3,9,3,Fin,2020,0
516,RL,2119,2009,1972,158000,10448,2,3,7,2,RFn,1378,741
517,RL,2344,2009,1996,265000,10208,2,3,7,3,RFn,1277,1067
518,RL,1796,2007,1998,211000,9531,2,3,7,2,RFn,882,914
519,RL,2080,2009,1926,234000,10918,1,3,9,1,Unf,1276,804
520,RL,1294,2008,1900,106250,10800,2,3,7,0,,694,600
521,RL,1244,2007,1957,150000,11988,1,3,6,1,Unf,1244,0
522,RM,1664,2006,1947,159000,5000,2,3,7,2,Unf,1004,660
523,RL,4676,2007,2007,184750,40094,3,3,11,3,Fin,3138,1538
524,RL,2398,2007,1996,315750,11787,2,3,8,3,Fin,1383,1015
525,FV,1266,2006,2005,176000,7500,2,3,6,2,Unf,1266,0
526,RL,928,2007,1956,132000,13300,1,2,4,1,Unf,928,0
527,RL,2713,2008,2008,446261,14948,2,3,11,3,Fin,1476,1237
528,RL,605,2007,1920,86000,9098,1,2,5,0,,605,0
529,RL,2515,2007,1957,200624,32668,3,4,9,2,RFn,2515,0
530,RL,1509,2008,1988,175000,10200,2,3,5,2,RFn,1509,0
531,RM,1362,2008,1920,128000,6155,2,3,6,2,Fin,751,611
532,RL,827,2010,1955,107500,7200,1,2,5,1,Unf,827,0
533,RL,334,2007,1946,39300,5000,1,1,2,0,,334,0
534,RL,1414,2006,2004,178000,9056,2,3,6,2,Fin,707,707
535,RL,1347,2008,1910,107500,7000,1,3,5,0,,820,527
536,RL,1724,2008,1998,188000,8924,2,3,8,2,Fin,880,844
537,RL,864,2008,1972,111250,12735,1,3,5,2,Unf,864,0
538,RL,1159,2006,1968,158000,11553,1,3,7,1,Unf,1159,0
539,RL,1601,2010,2001,272000,11423,2,3,6,2,RFn,1601,0
540,RL,1838,2009,2006,315000,14601,2,2,8,3,Fin,1838,0
541,RL,2285,2007,2000,248000,11000,2,4,8,3,Fin,997,1288
542,RL,1680,2009,1998,213250,10140,2,3,7,2,Fin,1680,0
543,RH,767,2007,1998,133000,4058,1,1,4,1,Fin,767,0
544,RL,1496,2006,2006,179665,17104,2,3,7,2,RFn,664,832
545,RL,2183,2006,1988,229000,13837,2,4,9,3,Unf,1377,806
546,RL,1635,2007,1923,210000,8737,1,3,6,2,Unf,915,720
547,RL,768,2007,1970,129500,7244,1,2,5,2,Unf,768,0
548,RM,825,2008,1955,125000,8235,1,2,4,2,RFn,825,0
549,FV,2094,2009,2003,263000,9375,2,4,8,2,Fin,912,1182
550,RL,1069,2008,1977,140000,4043,2,2,4,2,RFn,1069,0
551,RM,928,2008,1957,112500,6000,1,3,5,1,Fin,928,0
552,RL,1717,2009,2006,255500,11146,2,3,7,3,RFn,1717,0
553,RL,1126,2009,1949,108000,8777,2,2,5,2,Fin,1126,0
554,RL,2046,2008,2003,284000,10625,2,3,8,3,RFn,1006,1040
555,RM,1048,2006,1922,113000,6380,1,2,5,1,Unf,1048,0
556,RL,1092,2006,1957,141000,14850,1,2,6,1,Fin,1092,0
557,C (all),1336,2006,1920,108000,11040,1,3,7,1,Unf,897,439
558,RL,1446,2008,1996,175000,21872,2,3,6,2,Unf,729,717
559,RL,1557,2006,2003,234000,3196,2,2,7,2,Fin,1557,0
560,RL,1392,2010,1957,121500,11341,1,3,5,2,Unf,1392,0
561,RL,1389,2006,1974,170000,10010,1,2,6,2,RFn,1389,0
562,RL,996,2008,1940,108000,13907,1,3,6,0,,996,0
563,RL,1674,2008,1918,185000,21780,2,4,8,2,Fin,1163,511
564,RL,2295,2006,1992,268000,13346,2,4,9,2,RFn,1166,1129
565,RL,1647,2010,1915,128000,6858,1,4,6,1,Unf,841,806
566,RL,2504,2008,2005,325000,11198,2,4,11,3,Fin,1134,1370
567,RL,1535,2010,2004,214000,10171,2,3,7,2,RFn,1535,0
568,RL,2132,2009,1983,316600,12327,1,1,5,2,Fin,1496,636
569,RL,943,2006,1979,135960,7032,1,2,4,2,Unf,943,0
570,RL,1728,2008,1965,142600,13101,2,6,10,2,Unf,1728,0
571,RL,864,2006,1959,120000,7332,1,2,4,1,Unf,864,0
572,RL,1692,2009,2009,224500,13159,2,3,6,2,RFn,846,846
573,RL,1430,2007,2000,170000,9967,2,3,8,2,RFn,774,656
574,RL,1109,2007,1971,139000,10500,1,3,5,1,Unf,576,533
575,RL,1216,2008,1947,118500,8480,1,2,6,1,Unf,832,384
576,RL,1477,2009,1928,145000,6292,2,3,6,1,Unf,877,600
577,RL,1320,2006,1966,164500,11777,1,3,6,2,RFn,1320,0
578,FV,1392,2008,2007,146000,3604,2,2,5,2,Unf,703,689
579,RM,1795,2008,1954,131500,12150,2,4,7,1,Unf,1050,745
580,RL,1429,2007,1960,181900,14585,1,3,7,2,Unf,1429,0
581,RL,2042,2009,2008,253293,12704,2,3,8,3,RFn,2042,0
582,RL,816,2007,1990,118500,11841,1,3,5,0,,816,0
583,RM,2775,2008,1893,325000,13500,3,3,9,2,Unf,1521,1254
584,RM,1573,2009,1935,133000,6120,1,3,6,1,Unf,989,584
585,RL,2028,2006,2005,369900,11443,2,2,7,3,RFn,2028,0
586,RL,838,2008,1918,130000,10267,1,2,5,1,Fin,838,0
587,RL,860,2009,1982,137000,8740,1,2,4,2,Unf,860,0
588,RL,1473,2009,1968,143000,25095,1,1,5,1,Unf,1473,0
589,RM,935,2008,1930,79500,9100,1,2,4,1,Unf,779,0
590,RL,1582,2008,2004,185900,8320,2,3,6,2,RFn,770,812
591,RL,2296,2009,2008,451950,13478,2,3,10,3,RFn,1728,568
592,RL,816,2008,1982,138000,6600,1,2,4,2,Fin,816,0
593,RM,848,2009,2003,140000,4435,1,1,4,2,Fin,848,0
594,RL,924,2008,1975,110000,7990,1,3,5,1,Unf,924,0
595,RL,1826,2006,2005,319000,11302,2,3,7,3,Fin,1826,0
596,RM,1368,2006,1910,114504,3600,1,3,7,1,Unf,684,684
597,RL,1402,2007,2006,194201,3922,0,2,7,3,Fin,1402,0
598,RL,1647,2006,1977,217500,12984,2,3,7,2,Fin,1647,0
599,RM,1556,2008,1980,151000,1950,2,3,6,2,Fin,716,840
600,RL,1904,2006,2005,275000,10927,2,3,8,2,Fin,1058,846
601,RM,1375,2007,1937,141000,9000,1,3,6,1,Unf,780,595
602,RL,1915,2006,1992,220000,10041,2,3,8,2,Fin,927,988
603,FV,1200,2010,2004,151000,3182,2,2,4,2,RFn,600,600
604,RL,1494,2008,2002,221000,12803,2,3,6,2,RFn,1494,0
605,RL,1986,2009,1965,205000,13600,2,3,7,2,Unf,1186,800
606,RL,1040,2009,1996,152000,12464,1,3,6,2,Unf,1040,0
607,RL,2008,2006,1948,225000,7800,3,3,8,1,Unf,1112,896
608,RL,3194,2007,1934,359100,12168,2,4,10,2,Unf,1940,1254
609,RL,1029,2007,1961,118500,7943,1,3,5,1,Unf,1029,0
610,RL,2153,2009,2000,313000,11050,2,3,8,3,Fin,1476,677
611,RL,1032,2007,1978,148000,10395,2,3,6,2,Unf,1032,0
612,RL,1872,2009,2001,261500,11885,2,3,7,2,RFn,1299,573
613,RL,1120,2007,2007,147000,8402,1,3,6,0,,1120,0
614,RM,630,2010,1972,75500,1491,1,1,3,0,,630,0
615,RL,1054,2010,1963,137500,8800,1,3,6,2,RFn,1054,0
616,RL,1509,2006,2002,183200,7861,2,3,7,2,Fin,807,702
617,RL,832,2008,1954,105500,7227,1,2,4,2,Unf,832,0
618,RL,1828,2007,2007,314813,11694,2,3,9,3,Unf,1828,0
619,RL,2262,2008,2003,305000,12244,2,4,10,3,Fin,1482,780
620,RL,864,2008,1914,67000,8248,1,2,5,0,,864,0
621,RL,2614,2008,1974,240000,10800,2,4,9,2,RFn,1548,1066
622,RL,980,2009,1977,135000,7064,1,3,6,2,Unf,980,0
623,FV,1512,2007,2000,168500,2117,2,2,4,2,Unf,756,756
624,RL,1790,2006,1972,165150,10400,1,4,8,2,RFn,1012,778
625,RL,1116,2010,1962,160000,10000,1,3,5,2,Unf,1116,0
626,RL,1422,2007,1960,139900,12342,1,3,6,1,RFn,1422,0
627,RL,1520,2010,1955,153000,9600,1,3,7,1,RFn,1520,0
628,RL,2080,2007,1969,135000,11606,1,5,9,2,Unf,1040,1040
629,RL,1350,2008,1964,168500,9020,1,3,6,2,RFn,1350,0
630,RM,1750,2006,1880,124000,9000,1,3,8,1,Unf,1089,661
631,RL,1554,2007,2006,209500,4590,2,2,6,2,RFn,1554,0
632,RL,1411,2009,1977,82500,11900,2,3,6,2,Fin,1411,0
633,RL,1056,2007,1954,139400,9250,1,3,6,1,Unf,1056,0
634,RL,1056,2010,1980,144000,6979,0,0,4,2,Unf,1056,0
635,RH,3395,2007,1914,200000,10896,2,8,14,0,,1440,1440
636,RM,800,2009,1936,60000,6120,1,1,4,0,,800,0
637,RM,1387,2009,1954,93000,6000,2,3,7,1,Unf,811,576
638,RL,796,2008,1910,85000,8777,1,2,4,0,,796,0
639,RL,1567,2006,2006,264561,3982,2,1,7,3,Fin,1567,0
640,RL,1518,2008,2003,274000,12677,1,1,6,2,RFn,1518,0
641,FV,1929,2007,2001,226000,7050,2,3,7,2,Fin,1057,872
642,RL,2704,2009,1972,345000,13860,2,4,9,2,Fin,2000,704
643,RL,1620,2007,1969,152000,10793,2,4,7,2,Fin,780,840
644,FV,1766,2009,2009,370878,9187,2,2,7,3,Fin,1766,0
645,RL,981,2007,1971,143250,10530,1,3,5,2,Unf,981,0
646,RL,1048,2008,1950,98300,7200,1,3,7,2,Unf,1048,0
647,RL,1094,2008,1953,155000,10452,1,3,5,2,RFn,1094,0
648,RL,1839,2010,1966,155000,7700,1,4,7,2,Unf,1051,788
649,RM,630,2007,1970,84500,1936,1,1,3,0,,630,0
650,FV,1665,2008,2007,205950,8125,2,3,7,2,RFn,822,843
651,RL,1510,2009,1940,108000,9084,1,4,7,1,Unf,755,755
652,RL,1716,2009,1996,191000,8750,2,2,7,2,RFn,909,807
653,RM,1469,2008,1906,135000,10320,1,3,7,1,Unf,756,713
654,RL,2113,2008,1995,350000,10437,2,2,7,3,Fin,2113,0
655,RM,1092,2010,1971,88000,1680,1,3,6,1,Unf,525,567
656,RL,1053,2008,1959,145500,10007,1,3,5,1,RFn,1053,0
657,RL,1502,2008,1931,149000,7200,1,3,6,1,RFn,851,651
658,RL,1458,2010,1948,97500,17503,1,3,6,1,Unf,912,546
659,RL,1486,2009,1964,167000,9937,1,3,7,2,Fin,1486,0
660,RL,1935,2007,1976,197900,12384,2,3,7,2,RFn,1142,793
661,RL,2448,2009,1994,402000,46589,2,4,8,3,RFn,1686,762
662,RL,1392,2009,1968,110000,13560,1,2,5,2,RFn,1392,0
663,RL,1181,2008,1972,137500,10012,2,3,6,2,RFn,1181,0
664,RL,2097,2006,2005,423000,20896,1,1,8,3,Fin,2097,0
665,RL,1936,2006,2000,230500,11194,2,3,7,2,RFn,1454,482
666,RL,2380,2007,1965,129000,18450,2,3,7,2,Unf,1465,915
667,RL,1679,2008,1994,193500,8125,2,3,7,2,RFn,1679,0
668,RL,1437,2006,1956,168000,14175,1,3,6,2,Unf,1437,0
669,RL,1180,2006,1922,137500,11600,1,2,5,1,Unf,1180,0
670,RL,1476,2009,2005,173500,8633,2,3,7,2,Fin,738,738
671,RH,1369,2009,1925,103600,6629,2,3,6,1,Unf,697,672
672,RL,1208,2006,1977,165000,11250,1,3,6,2,RFn,1208,0
673,RL,1839,2007,1957,257500,14442,2,3,7,2,Fin,1839,0
674,RL,1136,2008,1965,140000,9200,1,3,5,1,RFn,1136,0
675,RL,1441,2009,1978,148500,2289,2,3,7,2,Unf,855,586
676,RM,1774,2006,1900,87000,9600,2,4,8,3,Unf,1095,679
677,RL,792,2009,1924,109500,9022,1,2,5,1,Unf,792,0
678,RL,2046,2009,2008,372500,11844,2,3,7,3,Fin,2046,0
679,RL,988,2007,1961,128500,9945,1,3,5,2,Unf,988,0
680,RL,923,2010,1980,143000,8012,2,2,5,1,RFn,923,0
681,RH,1520,2009,1932,159434,4500,1,3,6,1,Unf,848,672
682,RL,1291,2008,1996,173000,2887,1,2,6,2,Unf,1291,0
683,RL,1668,2007,2002,285000,11248,2,3,7,3,Fin,1668,0
684,RL,1839,2010,1998,221000,16770,2,4,7,2,Fin,1195,644
685,RL,2090,2007,1984,207500,5062,2,3,6,2,Fin,1190,900
686,FV,1761,2007,2007,227875,10207,3,3,7,2,Fin,874,887
687,FV,1102,2007,2004,148800,5105,2,2,4,2,Unf,551,551
688,RL,1419,2007,2007,392000,8089,2,2,7,2,RFn,1419,0
689,RL,1362,2007,2005,194700,7577,2,2,6,2,RFn,1362,0
690,RM,848,2008,2004,141000,4426,1,1,3,2,RFn,848,0
691,RL,4316,2007,1994,755000,21535,3,4,10,3,Fin,2444,1872
692,RL,2519,2006,1989,335000,26178,2,4,9,2,RFn,1238,1281
693,RL,1073,2006,1921,108480,5400,1,2,4,1,Unf,1073,0
694,RM,1539,2009,1936,141500,6120,1,3,5,2,Unf,1067,472
695,RL,1137,2006,1987,176000,13811,2,2,5,2,Unf,1137,0
696,RM,616,2006,1921,89000,6000,1,2,4,1,Unf,616,0
697,RL,1148,2006,1952,123500,6420,1,2,6,1,Unf,1148,0
698,RL,894,2010,1965,138500,8450,1,3,5,1,Unf,894,0
699,FV,1391,2008,2004,196000,4282,2,2,5,2,RFn,1391,0
700,RL,1800,2006,2002,312500,14331,2,3,7,3,Fin,1800,0
701,RL,1164,2006,1969,140000,9600,1,3,6,2,Unf,1164,0
702,RL,2576,2006,2006,361919,12438,2,4,10,3,Fin,1264,1312
703,RM,1812,2010,1900,140000,7630,2,4,8,2,Unf,1032,780
704,RL,1484,2010,2004,213000,8400,2,3,7,2,RFn,1484,0
705,RM,1092,2010,1930,55000,5600,2,3,7,0,,372,720
706,RL,1824,2007,1971,302000,115149,2,2,5,2,Unf,1824,0
707,RL,1324,2009,2006,254000,6240,2,2,6,2,Fin,1324,0
708,RL,1456,2007,2007,179540,9018,2,3,8,2,Fin,728,728
709,RL,904,2008,1966,109900,7162,1,3,6,1,Unf,904,0
710,RL,729,2008,1935,52000,4130,1,2,5,0,,729,0
711,C (all),1178,2010,1900,102776,8712,1,2,7,1,RFn,859,319
712,RL,1228,2008,1988,189000,4671,2,2,5,2,Fin,1228,0
713,RL,960,2006,1970,129000,9873,1,3,6,2,Unf,960,0
714,RL,1479,2010,1976,130500,13517,2,3,6,2,RFn,725,754
715,RL,1350,2009,1974,165000,10140,2,3,7,2,RFn,1350,0
716,RM,2554,2007,1890,159500,10800,1,3,8,2,Unf,1576,978
717,RL,1178,2008,1973,157000,10000,1,3,5,2,Unf,1178,0
718,RL,2418,2008,1993,341000,10542,2,3,9,3,RFn,1325,1093
719,RL,971,2006,1969,128500,9920,1,3,5,1,Unf,971,0
720,RL,1742,2006,1985,275000,6563,2,2,5,2,RFn,1742,0
721,RM,848,2010,2004,143000,4426,1,1,3,2,RFn,848,0
722,RL,864,2009,1970,124500,8120,1,3,5,2,Unf,864,0
723,RL,1470,2008,1954,135000,8172,2,4,7,1,Unf,997,473
724,RL,1698,2009,2007,320000,13286,2,3,8,3,Fin,1698,0
725,RL,864,2009,1970,120500,6960,1,3,5,2,Unf,864,0
726,RL,1680,2009,1988,222000,21695,2,3,5,2,Fin,1680,0
727,RL,1232,2009,2007,194500,7314,2,2,6,2,RFn,1232,0
728,RL,1776,2009,1958,110000,11475,2,4,9,3,Unf,1776,0
729,RM,1208,2009,1925,103000,6240,1,2,5,2,Unf,848,0
730,RL,1616,2010,1995,236500,5389,2,2,5,2,RFn,1616,0
731,RL,1146,2007,2003,187500,9590,2,3,6,2,Fin,1146,0
732,RL,2031,2008,1998,222500,11404,2,3,8,2,Fin,1153,878
733,RL,1144,2009,1961,131400,10000,1,3,6,1,RFn,1144,0
734,RL,948,2007,1968,108000,8978,1,3,6,1,Unf,948,0
735,RM,1768,2006,1914,163000,10800,1,2,6,2,Unf,880,888
736,RL,1040,2006,1950,93500,8544,2,2,6,2,Unf,1040,0
737,RL,1801,2006,2005,239900,10463,2,3,8,3,Fin,901,900
738,RL,1200,2009,1987,179000,10800,3,3,5,0,,1200,0
739,RL,1728,2009,2004,190000,9313,2,3,7,2,RFn,864,864
740,RM,1432,2007,1910,132000,9600,2,2,7,2,Unf,768,664
741,RL,912,2008,1961,142000,6768,1,3,5,1,Unf,912,0
742,RL,1349,2007,2000,179000,8450,2,3,6,2,Unf,1349,0
743,RL,1464,2009,1963,175000,12886,2,3,6,2,RFn,1464,0
744,RL,1337,2008,1993,180000,5395,2,2,5,2,RFn,1337,0
745,RL,2715,2008,1976,299800,8963,3,4,11,2,Fin,1175,1540
746,RL,2256,2009,2000,236000,8795,2,4,8,2,Fin,980,1276
747,RM,2640,2009,1880,265979,11700,1,4,8,4,Unf,1320,1320
748,RL,1720,2010,1996,260400,10593,2,3,7,2,Fin,1720,0
749,RL,1529,2009,1945,98000,8405,2,4,9,1,Unf,1088,441
750,RM,1140,2010,1910,96500,8800,1,3,7,0,,792,348
751,RL,1320,2007,2003,162000,7750,2,3,6,2,Fin,660,660
752,RL,1494,2006,1997,217000,9236,2,3,6,2,RFn,1494,0
753,RL,2098,2006,2005,275500,10240,2,3,8,3,RFn,1038,1060
754,RL,1026,2009,1969,156000,7930,1,3,5,2,RFn,1026,0
755,FV,1471,2009,1999,172500,3230,2,3,6,2,Unf,742,729
756,RL,1768,2009,2007,212000,10769,2,3,7,2,RFn,866,902
757,RL,1386,2010,1978,158900,11616,2,3,6,2,Fin,672,714
758,FV,1501,2008,1999,179400,2280,2,3,6,2,Unf,757,744
759,RL,2531,2007,1995,290000,12257,2,4,9,3,RFn,1328,1203
760,RL,864,2009,1959,127500,9100,1,2,5,1,Unf,864,0
761,RM,1301,2009,1924,100000,6911,1,2,5,2,Unf,1301,0
762,FV,1547,2010,2009,215200,8640,2,3,7,2,Unf,764,783
763,RL,2365,2009,1999,337000,9430,2,3,8,3,RFn,1268,1097
764,RL,1494,2006,1995,270000,9549,1,2,6,2,Fin,1494,0
765,RL,1506,2008,2008,264132,14587,2,2,6,2,Fin,1506,0
766,RL,1714,2010,1988,196500,10421,2,3,7,2,Unf,980,734
767,RL,1750,2008,1940,160000,12508,2,4,7,1,Unf,983,767
768,RL,1836,2006,2004,216837,9100,2,3,8,2,Fin,1836,0
769,RL,3279,2010,2003,538000,53504,3,4,12,3,Fin,1690,1589
770,RL,858,2009,1982,134900,7252,1,2,5,2,Unf,858,0
771,RL,1220,2006,1951,102000,8877,1,2,6,2,Unf,1220,0
772,RL,1117,2010,1976,107000,7819,1,3,6,2,Unf,1117,0
773,RL,912,2007,1958,114500,10150,1,2,5,1,RFn,912,0
774,RL,1973,2007,2006,395000,14226,2,3,9,3,Fin,1973,0
775,RM,1204,2009,1998,162000,4500,2,2,5,2,Fin,1204,0
776,RL,1614,2006,2005,221500,11210,2,3,7,3,RFn,1614,0
777,RL,894,2006,1974,142500,13350,1,3,5,2,Unf,894,0
778,RH,2020,2007,1977,144000,8400,2,4,10,2,Unf,2020,0
779,RL,1004,2006,1977,135000,10530,1,2,4,2,Unf,1004,0
780,RL,1253,2007,1995,176000,7875,2,3,6,2,Fin,1253,0
781,RL,1603,2006,1992,175900,7153,2,3,7,2,RFn,810,793
782,RL,1430,2009,2001,187100,16285,2,3,6,2,RFn,1430,0
783,RL,1110,2009,1978,165500,9101,1,1,4,2,Fin,1110,0
784,RM,1484,2008,1914,128000,6300,2,3,9,0,,742,742
785,RL,1342,2009,1967,161500,9790,2,3,7,2,Unf,1342,0
786,RM,1652,2010,1915,139000,10800,2,4,7,1,Unf,966,686
787,RL,2084,2010,2004,233000,10142,2,4,8,2,RFn,956,1128
788,RM,901,2008,1954,107900,6000,1,2,4,1,Unf,901,0
789,RL,2087,2007,1966,187500,12205,2,5,9,2,Fin,976,1111
790,RL,1145,2009,2005,160200,3182,2,2,5,2,Fin,1145,0
791,RL,1062,2007,1976,146800,11333,1,3,5,2,RFn,1062,0
792,RL,2013,2007,1996,269790,9920,2,3,8,2,Unf,1127,886
793,RL,1496,2007,2007,225000,9158,2,3,7,2,Fin,1496,0
794,RL,1895,2008,1994,194500,10832,2,3,7,2,Fin,1086,809
795,RL,1564,2010,1980,171000,8400,2,3,7,2,Unf,888,676
796,RL,1285,2007,1977,143500,8197,1,3,7,2,RFn,1285,0
797,RL,773,2008,1953,110000,7677,1,2,4,1,Unf,773,0
798,RL,3140,2009,2008,485000,13518,3,4,11,3,Fin,1966,1174
799,RL,1768,2007,1937,175000,7200,1,3,7,1,Unf,981,787
800,RL,1688,2008,1997,200000,12798,2,4,8,2,RFn,616,1072
801,RM,1196,2007,1916,109900,4800,1,2,5,2,Unf,1196,0
802,RL,1456,2008,2005,189000,8199,2,3,7,2,Fin,728,728
803,RL,2822,2009,2008,582933,13891,3,4,12,3,RFn,1734,1088
804,RL,1128,2006,1954,118000,9000,1,2,5,1,Unf,1128,0
805,RL,1428,2008,2008,227680,12274,2,3,6,2,RFn,1428,0
806,RL,980,2006,1967,135500,9750,2,3,6,1,Fin,980,0
807,RL,1576,2009,1923,223500,21384,1,3,6,2,RFn,1072,504
808,RL,1086,2006,1966,159950,13400,1,3,6,2,RFn,1086,0
809,RM,2138,2009,1898,106000,8100,2,2,11,2,Unf,1075,1063
810,RL,1309,2006,1974,181000,10140,1,3,5,2,RFn,1309,0
811,RM,848,2008,2004,144500,4438,1,1,4,2,Fin,848,0
812,C (all),1044,2010,1952,55993,8712,1,2,4,2,Unf,1044,0
813,RL,1442,2007,1958,157900,9750,1,4,7,1,RFn,1442,0
814,RL,1250,2006,1918,116000,8248,1,3,7,1,Unf,686,564
815,RL,1661,2010,1998,224900,12137,2,3,6,2,RFn,1661,0
816,RL,1008,2006,1954,137000,11425,1,2,4,1,RFn,1008,0
817,RL,1689,2008,2002,271000,13265,2,3,7,3,RFn,1689,0
818,RL,1052,2010,1971,155000,8816,1,3,6,2,Unf,1052,0
819,RL,1358,2010,2009,224000,6371,2,2,6,2,RFn,1358,0
820,RL,1640,2008,2003,183000,7226,2,3,6,2,RFn,798,842
821,RM,936,2009,1953,93000,6000,1,2,4,2,Unf,936,0
822,RL,1733,2007,2003,225000,12394,2,3,7,2,Fin,847,886
823,RL,1489,2009,1940,139500,9900,2,3,7,1,Unf,944,545
824,FV,1489,2006,2006,232600,11216,2,3,7,2,RFn,1489,0
825,RL,2084,2008,2007,385000,14803,2,2,7,3,Fin,2084,0
826,RM,784,2008,1924,109500,6130,1,2,5,0,,784,0
827,RL,1434,2009,2001,189000,8529,2,3,6,2,RFn,1434,0
828,RL,2126,2009,1967,185000,28698,2,3,7,2,Fin,1160,966
829,FV,1223,2006,2005,147400,2544,2,2,4,2,RFn,520,623
830,RL,1392,2008,1957,166000,11900,1,3,6,2,RFn,1392,0
831,FV,1200,2006,2005,151000,3180,2,2,4,2,RFn,520,600
832,RL,1829,2010,2003,237000,9548,2,3,7,2,RFn,941,888
833,RL,1516,2009,1964,167000,10004,1,3,6,2,RFn,1516,0
834,RL,1144,2008,1961,139950,7875,1,3,6,2,Unf,1144,0
835,RL,1067,2010,1950,128000,9600,2,2,4,2,Unf,1067,0
836,RM,1559,2007,1948,153500,8100,1,2,5,2,Unf,1559,0
837,RM,987,2008,1973,100000,1680,1,2,5,1,Unf,483,504
838,RL,1099,2008,1995,144000,9525,1,3,6,1,Unf,1099,0
839,RL,1200,2008,1946,130500,11767,1,3,6,1,Unf,768,432
840,RH,1482,2008,1925,140000,12155,2,4,7,1,Unf,810,672
841,RM,1539,2008,1904,157500,10440,2,3,8,2,Unf,958,581
842,RL,1165,2008,1966,174900,9020,1,3,6,2,RFn,1165,0
843,RL,1800,2007,1961,141000,8000,2,6,10,0,,1800,0
844,RM,1416,2008,1915,153900,12665,1,4,7,3,Unf,876,540
845,RL,1701,2007,1975,171000,16647,2,3,6,2,Fin,1701,0
846,RL,1775,2009,1993,213000,9317,2,3,7,2,Unf,1006,769
847,RL,864,2009,1972,133500,15523,1,3,5,1,Unf,864,0
848,RL,2358,2008,1908,240000,45600,3,5,10,2,Unf,1307,1051
849,RL,1855,2007,1976,187000,9600,2,3,7,2,RFn,1094,761
850,RM,848,2007,2003,131500,4435,1,1,3,2,Fin,848,0
851,RL,1456,2006,2003,215000,3196,2,2,7,2,Fin,1456,0
852,RL,1646,2007,1941,164000,7128,2,4,7,1,Unf,918,728
853,RL,1445,2009,1964,158000,12095,1,3,7,2,RFn,1445,0
854,RL,1779,2006,1955,170000,17920,1,3,6,2,Unf,1779,0
855,RL,1040,2010,1962,127000,6897,1,3,6,1,Unf,1040,0
856,RL,1026,2008,1978,147000,10970,1,3,5,2,Unf,1026,0
857,RL,1481,2009,1994,174000,8125,2,3,6,2,Fin,702,779
858,RL,1370,2009,1976,152000,10400,2,3,6,2,RFn,1370,0
859,RL,2654,2006,1968,250000,11029,2,4,9,2,Unf,1512,1142
860,RL,1426,2007,1918,189950,7642,1,3,7,1,Unf,912,514
861,RL,1039,2010,1965,131500,11625,1,3,6,2,Unf,1039,0
862,RL,1097,2010,1984,152000,9672,2,3,6,2,Unf,1097,0
863,RL,1148,2009,1959,132500,7931,1,3,6,1,Unf,1148,0
864,FV,1372,2008,2007,250580,8640,2,3,6,2,Fin,1372,0
865,RL,1002,2009,1970,148500,8750,1,3,5,2,Unf,1002,0
866,RL,1646,2007,2006,248900,10656,2,3,6,3,RFn,1646,0
867,RL,1120,2007,1961,129000,6970,1,3,5,2,RFn,1120,0
868,RL,2320,2006,1948,169000,14762,2,2,7,2,Unf,1547,720
869,RL,1949,2010,1993,236000,9938,2,3,8,2,Fin,1062,887
870,RL,894,2009,1962,109500,6600,1,2,5,1,Unf,894,0
871,RL,1682,2010,1998,200500,8750,2,3,7,2,RFn,804,878
872,RL,910,2008,1953,116000,8892,1,3,5,2,Unf,910,0
873,RL,1268,2009,1949,133000,12144,1,3,6,1,Unf,1036,0
874,RM,1131,2009,1941,66500,5720,1,3,5,1,Unf,676,455
875,FV,2610,2007,2007,303477,9000,2,4,11,2,Fin,1184,1426
876,RL,1040,2007,1963,132250,25286,1,3,5,2,Unf,1040,0
877,RL,2224,2009,2004,350000,8834,2,4,10,3,Fin,1462,762
878,RL,1155,2010,1961,148000,11782,1,3,6,2,Unf,1155,0
879,RL,864,2009,1978,136500,7000,1,3,6,1,Unf,864,0
880,RL,1090,2007,2005,157000,7024,1,2,5,2,Fin,1090,0
881,RL,1717,2007,1990,187500,13758,2,3,7,2,RFn,1187,530
882,RL,1593,2009,1992,178000,9636,2,3,7,2,RFn,808,785
883,RL,2230,2006,1912,118500,6204,1,5,10,1,Unf,954,795
884,RL,892,2009,1967,100000,7150,1,3,5,1,RFn,892,0
885,FV,1709,2008,1999,328900,5119,2,2,5,2,Fin,1709,0
886,RL,1712,2006,1959,145000,8393,2,4,8,2,Fin,1712,0
887,RL,1393,2008,1955,135500,16466,1,3,8,1,Unf,872,521
888,RL,2217,2007,1970,268000,15865,2,4,8,2,Unf,2217,0
889,RL,1505,2009,1953,149500,12160,1,2,6,2,RFn,1505,0
890,RL,924,2007,1949,122900,8064,1,3,6,2,Unf,672,252
891,RL,1683,2009,1978,172500,11184,2,3,7,2,RFn,918,765
892,RL,1068,2006,1963,154500,8414,1,3,6,1,RFn,1068,0
893,RL,1383,2008,1954,165000,13284,1,3,6,1,Unf,1383,0
894,RL,1535,2009,1979,118858,7018,2,4,8,2,Unf,1535,0
895,RL,1796,2008,1963,140000,7056,1,4,8,2,RFn,983,813
896,RM,951,2006,1936,106500,8765,1,2,6,1,Unf,951,0
897,RL,2240,2009,1979,142953,7018,2,6,12,2,Unf,1120,1120
898,RL,2364,2010,2009,611657,12919,2,2,11,3,Fin,2364,0
899,RL,1236,2006,1961,135000,6993,1,3,6,1,Unf,1236,0
900,RL,858,2007,1971,110000,7340,1,2,4,1,Unf,858,0
901,RL,1306,2009,1957,153000,8712,1,2,5,1,Unf,1306,0
902,RL,1509,2006,2003,180000,7875,2,3,8,2,Fin,807,702
903,RL,1670,2006,2006,240000,14859,2,3,7,3,RFn,1670,0
904,RL,902,2007,1967,125500,6173,1,3,6,1,Unf,902,0
905,RL,1063,2010,1954,128000,9920,1,3,6,1,RFn,1063,0
906,RL,1636,2007,2006,255000,13501,2,3,8,3,RFn,1636,0
907,RL,2057,2006,1936,250000,11500,1,3,6,1,Fin,1020,1037
908,RL,902,2006,1983,131000,8885,1,2,5,2,Unf,902,0
909,RL,1484,2009,2005,174000,12589,2,3,8,2,Fin,742,742
910,RL,2274,2010,1960,154300,11600,2,5,12,2,Unf,1105,1169
911,RL,1268,2009,1977,143500,9286,1,3,5,1,Unf,1268,0
912,RM,1015,2006,1925,88000,6120,1,3,6,1,Unf,1015,0
913,RH,2002,2007,1949,145000,6270,2,4,8,3,Unf,1001,1001
914,FV,1224,2009,2009,173733,3000,2,2,4,2,RFn,612,612
915,RM,1092,2007,1970,75000,2001,1,3,6,1,Unf,546,546
916,C (all),480,2006,1949,35311,9000,0,1,4,1,Unf,480,0
917,RL,1229,2009,1956,135000,17140,1,3,6,1,RFn,1229,0
918,RL,2127,2007,1991,238000,13125,2,4,8,3,RFn,912,1215
919,RL,1414,2008,1958,176500,11029,1,3,6,2,Unf,1414,0
920,RL,1721,2007,1994,201000,8462,2,3,7,2,RFn,936,785
921,RL,2200,2008,1900,145900,8777,2,4,9,0,,1272,928
922,RL,1316,2006,2005,169990,10237,2,3,6,2,Fin,1316,0
923,RL,1617,2008,1993,193000,8012,2,2,5,2,RFn,1617,0
924,RL,1686,2006,1980,207500,10240,2,3,7,2,Unf,1686,0
925,RL,1126,2008,1977,175000,15611,2,3,6,2,RFn,1126,0
926,RL,2374,2007,2003,285000,11999,2,4,10,3,Fin,1234,1140
927,RL,1978,2008,1968,176000,9900,2,4,9,2,RFn,1098,880
928,RL,1788,2009,2001,236500,11838,2,3,7,2,RFn,1788,0
929,RL,2236,2006,1997,222000,13006,2,4,8,2,Fin,993,1243
930,RL,1466,2009,2007,201000,8925,2,3,7,3,Fin,1466,0
931,RL,925,2009,1965,117500,9100,1,2,5,1,Unf,925,0
932,RL,1905,2007,2006,320000,11670,2,3,8,3,Fin,1905,0
933,RL,1500,2009,2004,190000,8487,2,3,6,2,RFn,1500,0
934,RL,2069,2008,1960,242000,27650,2,4,9,2,RFn,2069,0
935,RL,747,2006,1926,79900,5825,1,1,5,2,Unf,747,0
936,RL,1200,2009,2003,184900,10083,2,2,5,2,RFn,1200,0
937,RL,1971,2009,2005,253000,9675,2,3,8,2,RFn,1113,858
938,RL,1962,2006,2006,239799,8760,2,3,7,3,RFn,1391,571
939,RL,2403,2010,1940,244400,24090,2,4,10,1,Unf,1207,1196
940,RL,1728,2006,1976,150900,12640,2,4,8,2,Unf,1728,0
941,RL,2060,2009,1999,214000,8755,2,3,8,2,RFn,1022,1038
942,RL,1440,2007,1977,150000,7711,2,4,8,0,,1440,0
943,RL,1632,2007,1967,143000,25000,2,4,8,2,Unf,1632,0
944,RL,1344,2009,1958,137500,14375,1,3,7,2,RFn,1344,0
945,RM,1869,2009,1890,124900,8820,1,2,7,2,Unf,1188,561
946,RL,1144,2006,1959,143000,8163,1,3,6,1,RFn,1144,0
947,RL,1629,2007,2002,270000,14536,2,3,9,3,Fin,1629,0
948,RL,1776,2006,2002,192500,14006,2,3,7,2,RFn,936,840
949,RL,1381,2010,1972,197500,9360,1,3,5,2,RFn,1381,0
950,RL,864,2007,1950,129000,7200,1,3,5,2,RFn,864,0
951,RH,965,2006,1965,119900,7800,1,3,6,1,Unf,965,0
952,RL,768,2009,1972,133900,7200,1,2,5,1,Fin,768,0
953,RL,1968,2008,1969,172000,11075,2,4,7,2,RFn,1168,800
954,RL,980,2006,1975,127500,9400,2,4,4,0,,980,0
955,RH,1958,2007,1946,145000,7136,2,4,8,2,Unf,979,979
956,RM,1229,2009,1980,124000,1300,1,2,5,2,Fin,561,668
957,RL,1057,2007,1962,132000,7420,1,3,6,2,Fin,1057,0
958,RL,1337,2007,2003,185000,8450,2,3,6,2,RFn,1337,0
959,FV,1416,2010,1999,155000,2572,2,3,6,2,Unf,696,720
960,RL,858,2010,1958,116500,7207,1,2,4,0,,858,0
961,RL,2872,2008,1977,272000,12227,2,4,11,2,Fin,1542,1330
962,RL,1548,2007,1976,155000,2308,2,3,7,2,Unf,804,744
963,RL,1800,2009,2007,239000,11923,2,2,7,2,Fin,1800,0
964,RL,1894,2010,2002,214900,11316,2,4,8,2,Fin,824,1070
965,RL,1484,2007,2005,178900,10237,2,3,8,2,Fin,783,701
966,RL,1308,2009,1940,160000,9600,1,2,7,1,Unf,976,332
967,RL,1098,2008,1955,135000,7390,1,3,6,1,Unf,1098,0
968,RM,968,2009,1910,37900,5925,1,2,6,0,,600,368
969,RL,1095,2006,1958,140000,10382,1,2,6,1,RFn,1095,0
970,RL,1192,2006,1949,135000,10800,1,4,6,0,,720,472
971,RL,1626,2009,2003,173000,2268,2,2,6,2,RFn,764,862
972,RL,918,2010,1979,99500,7892,2,2,5,1,Unf,918,0
973,FV,1428,2008,2007,182000,11639,2,3,6,2,Fin,1428,0
974,RL,2019,2009,1910,167500,11414,1,3,8,2,Unf,1136,883
975,FV,1382,2006,2000,165000,2651,2,3,6,2,Unf,673,709
976,RL,869,2006,1923,85500,5900,1,2,4,0,,869,0
977,FV,1241,2007,2006,199900,4274,1,1,4,2,Fin,1241,0
978,RL,894,2007,1954,110000,9450,1,3,5,2,Unf,894,0
979,RL,1121,2009,1963,139000,8816,1,3,5,2,Unf,1121,0
980,RL,999,2008,1961,178400,12122,1,3,6,2,RFn,999,0
981,RL,2612,2009,1998,336000,12203,2,4,8,3,Fin,1276,1336
982,RL,1266,2008,2007,159895,3182,2,2,6,2,Fin,1266,0
983,RL,2290,2008,2002,255900,11250,2,4,9,2,Unf,1149,1141
984,RL,1734,2009,1977,126000,10125,2,4,8,2,Unf,1302,432
985,RL,1164,2008,1950,125000,10880,1,3,5,1,Unf,1164,0
986,RM,1635,2006,1910,117000,5310,1,2,5,1,Unf,1001,634
987,RL,1940,2010,2009,395192,10159,2,3,8,3,Fin,1940,0
988,RL,2030,2007,1976,195000,12046,2,4,8,2,Fin,1118,912
989,FV,1576,2006,2006,197000,8125,2,3,6,2,RFn,778,798
990,RL,2392,2006,1997,348000,9452,2,3,7,3,Fin,1407,985
991,RM,1742,2009,1882,168000,17671,1,4,8,2,Unf,916,826
992,RL,1851,2007,1964,187000,9760,2,3,7,2,RFn,1020,831
993,RL,1500,2006,2005,173900,8846,2,3,6,2,RFn,750,750
994,RL,1718,2009,2006,337500,12456,2,3,7,3,Fin,1718,0
995,RL,1230,2006,1946,121600,4712,1,3,5,1,Unf,774,456
996,RL,1050,2006,1961,136500,10659,1,3,6,1,Unf,1050,0
997,RL,1442,2009,1970,185000,11717,2,2,6,2,RFn,1442,0
998,RM,1077,2006,1922,91000,9786,1,3,6,1,Unf,1077,0
999,RL,1208,2010,2006,206000,6762,2,2,6,2,RFn,1208,0
1000,RL,944,2009,1952,82000,10206,1,2,4,2,Unf,944,0
1001,RL,691,2007,1920,86000,5400,1,2,4,1,Unf,691,0
1002,RL,1574,2008,2006,232000,11957,2,3,7,3,RFn,1574,0
1003,RL,1680,2007,1976,136905,11500,2,4,8,2,Unf,1680,0
1004,RL,1504,2009,2005,181000,3182,2,1,7,2,Fin,1504,0
1005,RL,985,2008,1977,149900,8385,2,3,6,1,Unf,985,0
1006,RL,1657,2007,1970,163500,12155,2,3,7,2,Unf,1657,0
1007,RM,1092,2009,1970,88000,2217,1,3,6,1,RFn,546,546
1008,RL,1710,2009,2004,240000,12118,2,3,7,2,Fin,1710,0
1009,RL,1522,2006,1926,102000,6000,2,4,7,0,,1008,0
1010,RL,1271,2008,1948,135000,21286,2,4,7,1,Unf,720,551
1011,RL,1664,2010,1965,100000,9825,2,4,8,0,,1664,0
1012,RL,1502,2007,1923,165000,10592,1,3,7,1,Unf,900,602
1013,RM,1022,2009,1910,85000,7200,1,2,4,1,Unf,1022,0
1014,RL,1082,2007,1948,119200,11664,1,2,5,1,Unf,1082,0
1015,RL,1665,2009,2001,227000,8400,2,3,6,2,Fin,810,855
1016,RL,1504,2009,1996,203000,11883,2,3,6,2,Fin,1504,0
1017,RL,1360,2009,1984,187500,5814,1,1,4,2,RFn,1360,0
1018,RL,1472,2007,1991,160000,10784,2,3,7,2,RFn,802,670
1019,RL,1506,2006,2005,213490,3013,2,2,6,2,Fin,1506,0
1020,RL,1132,2008,2005,176000,7024,1,2,5,2,Fin,1132,0
1021,RL,1220,2006,2006,194000,7406,2,2,6,2,RFn,1220,0
1022,RM,1248,2007,1930,87000,9439,1,2,6,1,Unf,912,336
1023,RL,1504,2008,2005,191000,3182,2,2,7,2,Fin,1504,0
1024,RL,2898,2008,1976,287000,15498,2,2,10,2,Fin,2898,0
1025,RL,882,2007,1972,112500,7700,1,3,5,2,Unf,882,0
1026,RL,1264,2010,1960,167500,9300,1,3,6,2,Unf,1264,0
1027,RL,1646,2008,2007,293077,9520,2,3,7,3,RFn,1646,0
1028,RL,1376,2007,1941,105000,9492,1,3,6,1,Unf,968,408
1029,RM,1218,2006,1972,118000,1680,1,3,7,1,Unf,672,546
1030,RH,1928,2006,1916,160000,7082,2,5,10,0,,948,980
1031,RL,3082,2009,1920,197000,15863,2,5,12,2,Fin,1687,998
1032,RL,2520,2006,1993,310000,14541,2,5,10,3,RFn,1352,1168
1033,RL,1654,2006,2002,230000,8125,2,3,6,3,Unf,1654,0
1034,RL,954,2007,1938,119750,6305,1,2,5,1,Unf,954,0
1035,RL,845,2009,1957,84000,11500,1,3,5,1,Unf,845,0
1036,RL,1620,2009,2007,315500,12898,2,2,6,3,Fin,1620,0
1037,RL,2263,2008,2001,287000,9240,2,3,7,2,Fin,1055,1208
1038,RM,1344,2009,1970,97000,1533,1,3,6,0,,798,546
1039,RM,630,2009,1970,80000,1477,1,1,3,1,Unf,630,0
1040,RL,1803,2006,1957,155000,13125,2,3,8,2,RFn,1803,0
1041,RL,1632,2008,1966,173000,9130,1,4,7,2,Unf,800,832
1042,RL,1306,2009,2005,196000,5381,2,1,5,2,RFn,1306,0
1043,RL,2329,2008,1990,262280,11839,2,4,10,2,Unf,1532,797
1044,RL,2524,2009,1981,278000,9600,2,4,9,2,Fin,2524,0
1045,RL,1733,2009,1955,139600,13680,2,4,8,2,Unf,1733,0
1046,RL,2868,2006,2005,556581,16056,3,4,11,3,Fin,1992,876
1047,RL,990,2008,1994,145000,9245,1,3,5,2,Unf,990,0
1048,RL,1771,2009,1960,115000,21750,1,3,9,2,Unf,1771,0
1049,RL,930,2010,1946,84900,11100,1,2,6,1,Unf,930,0
1050,RL,1302,2007,2007,176485,8993,2,3,6,2,Fin,1302,0
1051,RL,1316,2007,2007,200141,11175,2,3,6,2,Fin,1316,0
1052,RL,1977,2007,1964,165000,9500,1,4,9,2,RFn,1127,850
1053,RL,1526,2010,1957,144500,8562,1,4,7,1,Unf,1526,0
1054,RL,1989,2006,2002,255000,11367,2,3,7,2,Fin,1091,898
1055,RL,1523,2008,1976,180000,11361,2,3,7,2,Fin,1523,0
1056,RL,1364,2006,2005,185850,7052,2,2,6,2,RFn,1364,0
1057,RL,1850,2009,1994,248000,29959,2,3,7,2,Fin,979,871
1058,RL,2184,2009,2008,335000,11308,2,3,10,3,Fin,1130,1054
1059,RL,1991,2007,1932,220000,11275,1,3,7,2,Unf,1096,895
1060,RL,1338,2010,2001,213500,4920,2,2,6,2,Fin,1338,0
1061,C (all),894,2008,1935,81000,18000,1,2,6,3,RFn,894,0
1062,RM,2337,2007,1900,90000,13600,2,5,10,2,Unf,1422,915
1063,RM,1103,2006,1925,110500,6000,1,2,5,2,Unf,1103,0
1064,RL,1154,2009,1966,154000,11000,1,3,6,2,RFn,1154,0
1065,RL,2260,2010,1996,328000,14000,2,3,7,2,RFn,1306,954
1066,RL,1571,2009,1993,178000,7837,2,3,7,2,RFn,799,772
1067,RL,1611,2008,1964,167900,9760,1,4,7,2,RFn,798,813
1068,RM,2521,2006,1973,151400,3964,2,5,10,2,Fin,1291,1230
1069,RL,893,2007,1949,135000,9600,1,2,4,2,Unf,893,0
1070,RL,1048,2007,1956,135000,10152,1,3,6,1,Unf,1048,0
1071,RL,1556,2009,1968,154000,11700,1,4,8,2,Unf,829,727
1072,RL,1456,2006,1948,91500,7585,1,4,7,1,Unf,1002,454
1073,RL,1426,2009,1977,159500,7950,1,3,6,2,Fin,698,728
1074,RL,1240,2007,2006,194000,8556,2,2,5,3,RFn,1240,0
1075,RL,1740,2007,1940,219500,13125,1,3,6,1,Unf,960,780
1076,RL,1466,2006,1936,170000,10800,2,3,7,2,Unf,1096,370
1077,RL,1096,2006,1969,138800,15870,1,3,6,1,Fin,1096,0
1078,RM,848,2006,2004,155900,4435,1,1,3,2,RFn,848,0
1079,RL,990,2007,1994,126000,8775,1,3,5,1,Unf,990,0
1080,RL,1258,2008,1971,145000,11040,2,3,5,2,RFn,1258,0
1081,RL,1040,2010,1963,133000,7500,1,3,5,1,Fin,1040,0
1082,RL,1459,2007,2002,192000,8749,2,3,6,2,RFn,1459,0
1083,RL,1251,2006,1964,160000,8800,1,3,6,1,RFn,1251,0
1084,RL,1498,2006,1995,187500,13031,2,3,6,2,Fin,691,807
1085,RL,996,2010,1992,147000,9069,1,2,5,2,Unf,996,0
1086,RM,1092,2010,1973,83500,1974,1,3,6,1,RFn,546,546
1087,FV,1953,2009,2005,252000,10574,2,3,9,3,RFn,1082,871
1088,RM,1709,2006,2004,137500,2522,2,3,7,2,Unf,970,739
1089,FV,1247,2006,2005,197000,3316,1,1,4,2,Fin,1247,0
1090,RL,1040,2009,1950,92900,8544,2,2,6,2,Unf,1040,0
1091,FV,1252,2008,1999,160000,2160,2,2,4,2,Unf,624,628
1092,RL,1694,2008,1925,136500,8400,2,4,7,2,Unf,1390,304
1093,RL,1200,2006,1965,146000,9230,1,1,6,2,Unf,1200,0
1094,RL,936,2010,1956,129000,5868,1,2,4,1,Fin,936,0
1095,RL,1314,2007,2006,176432,9317,2,3,6,2,RFn,1314,0
1096,RM,1355,2007,1914,127000,6882,1,3,7,0,,773,582
1097,RL,1088,2007,1986,170000,3696,1,2,5,2,RFn,1088,0
1098,RM,1324,2009,1936,128000,6000,1,3,6,1,Unf,757,567
1099,RL,1601,2009,1978,157000,11880,2,3,7,2,RFn,1601,0
1100,RL,438,2009,1920,60000,8400,1,1,3,1,Unf,438,0
1101,RL,950,2007,1971,119500,9758,1,3,5,1,Unf,950,0
1102,RL,1134,2007,1960,135000,7000,1,2,6,1,RFn,1134,0
1103,RL,1194,2006,1959,159500,8910,1,3,6,2,Fin,1194,0
1104,RM,1302,2007,1970,106000,2016,2,3,6,2,Unf,630,672
1105,RL,2622,2010,1994,325000,12256,2,3,9,2,RFn,1500,1122
1106,RL,1442,2007,1990,179900,10357,2,3,6,2,Fin,1442,0
1107,RL,2021,2006,2006,274725,23257,2,3,9,2,RFn,887,1134
1108,RL,1690,2007,2000,181000,8063,2,3,7,2,RFn,948,742
1109,RL,1836,2009,2004,280000,11362,2,3,7,3,Fin,1836,0
1110,RL,1658,2008,1995,188000,8000,2,3,8,2,Fin,773,885
1111,RL,1964,2008,1976,205000,10480,2,4,8,2,RFn,1098,866
1112,RL,816,2006,1957,129900,7100,1,2,5,1,Unf,816,0
1113,RL,1008,2007,1953,134500,8923,1,2,6,1,Unf,1008,0
1114,RL,833,2006,1954,117000,5400,1,2,4,1,Unf,833,0
1115,RL,1734,2007,2007,318000,12085,2,3,7,3,RFn,1734,0
1116,RL,1419,2009,2002,184100,7750,2,3,7,2,Fin,779,640
1117,RL,894,2008,1967,130000,9764,1,3,5,2,RFn,894,0
1118,RL,1601,2008,1958,140000,13825,1,3,6,1,RFn,1021,580
1119,RL,1040,2006,1959,133700,7560,1,3,6,1,RFn,1040,0
1120,RM,1012,2007,1920,118400,8263,1,2,6,1,Unf,1012,0
1121,RL,1552,2006,2005,212900,10084,2,3,7,3,RFn,1552,0
1122,RL,960,2009,1956,112000,8926,1,3,5,1,Unf,960,0
1123,RL,698,2009,1947,118000,9405,1,2,4,0,,698,0
1124,RL,1482,2007,1992,163900,9125,2,3,7,2,Fin,812,670
1125,RL,1005,2009,1955,115000,10434,1,2,5,2,Unf,1005,0
1126,RL,1555,2009,2007,174000,3684,2,2,7,3,Fin,1555,0
1127,RL,1530,2007,2004,259000,14572,2,3,7,3,Fin,1530,0
1128,RL,1959,2007,2004,215000,11796,2,4,8,2,Fin,847,1112
1129,RM,936,2007,1980,140000,7200,1,2,4,2,Unf,936,0
1130,RL,1981,2009,1928,135000,7804,2,4,7,2,Unf,1328,653
1131,RL,974,2007,1991,93500,10712,1,3,5,0,,974,0
1132,RM,2210,2007,1880,117500,9900,2,5,8,1,Unf,1178,1032
1133,RL,2020,2009,1995,239500,9828,2,3,8,2,RFn,1142,878
1134,RL,1600,2007,1997,169000,8773,2,3,7,2,Fin,916,684
1135,RM,986,2007,1926,102000,6180,1,2,5,1,Unf,986,0
1136,RL,1252,2008,1950,119000,9600,1,3,6,1,Unf,1032,220
1137,RL,1020,2010,1875,94000,6342,1,2,6,0,,780,240
1138,RL,1567,2009,1977,196000,9819,2,2,5,2,RFn,1567,0
1139,RL,1167,2007,1920,144000,8731,1,3,6,2,Unf,1167,0
1140,RL,952,2008,1951,139000,7350,1,2,4,2,Unf,952,0
1141,RL,1868,2009,1976,197500,10304,2,4,9,2,Unf,1088,780
1142,RL,2828,2007,2006,424870,9965,3,4,11,3,RFn,1466,1362
1143,RL,1006,2008,1959,80000,9000,1,3,5,0,,1006,0
1144,RL,924,2010,1941,80000,12180,1,2,5,1,Unf,672,252
1145,RM,1576,2006,1928,149000,6240,1,3,8,1,Unf,1042,534
1146,RL,1298,2006,1985,180000,11200,2,3,5,2,Unf,1298,0
1147,RL,1564,2009,1941,174500,12000,1,3,7,1,Unf,860,704
1148,RM,1111,2008,1926,116900,5700,1,2,5,1,Unf,572,539
1149,RM,1482,2009,1920,143000,9000,1,3,7,2,Unf,832,650
1150,RL,932,2007,1950,124000,8280,1,2,4,1,Unf,932,0
1151,RL,1466,2006,1959,149900,17755,1,3,6,2,Fin,1466,0
1152,RL,1811,2006,1956,230000,14115,1,2,6,2,Fin,1811,0
1153,RM,816,2008,1930,120500,5890,1,2,5,1,Unf,816,0
1154,RL,1820,2008,1965,201800,13700,1,4,8,2,Unf,902,918
1155,RL,1437,2007,1976,218000,10768,2,3,6,2,RFn,1437,0
1156,RL,1265,2008,1965,179900,9350,2,3,6,2,RFn,1265,0
1157,RL,1314,2009,2007,230000,5001,2,2,6,2,RFn,1314,0
1158,RL,1580,2008,2007,235128,11932,2,3,7,3,RFn,1580,0
1159,RL,1876,2008,1974,185000,9120,2,4,8,2,RFn,943,933
1160,RL,1456,2010,1978,146000,2280,2,3,7,2,Unf,855,601
1161,RL,1640,2008,1954,224000,14778,1,3,7,2,Unf,1640,0
1162,RL,894,2007,1968,129000,8724,1,3,5,2,Fin,894,0
1163,RL,1258,2008,1969,108959,12900,0,0,6,2,Unf,1258,0
1164,RL,1432,2007,1978,194000,16157,1,2,5,2,Unf,1432,0
1165,RL,1502,2009,2009,233170,9541,2,3,7,2,RFn,1502,0
1166,RL,1694,2010,2008,245350,10475,2,3,7,3,RFn,1694,0
1167,RL,1671,2006,2000,173000,10852,2,3,7,2,Fin,959,712
1168,RL,2108,2008,1935,235000,13728,2,4,7,2,Unf,1236,872
1169,RL,3627,2006,1995,625000,35760,3,4,10,3,Fin,1831,1796
1170,RL,1118,2008,1977,171000,9880,1,3,6,1,Fin,1118,0
1171,RL,1261,2008,1958,163000,9120,1,3,6,2,RFn,1261,0
1172,FV,1250,2008,2006,171900,4017,2,2,5,2,Fin,625,625
1173,RL,3086,2007,1946,200500,18030,3,3,12,0,,1636,971
1174,RL,2345,2006,1932,239000,16560,2,4,9,2,Unf,1170,1175
1175,RL,2872,2007,1992,285000,10678,2,4,9,2,Fin,2129,743
1176,RL,923,2008,1984,119500,6951,1,3,5,1,Unf,923,0
1177,RM,1224,2009,1926,115000,3950,1,3,5,1,Unf,818,406
1178,RL,1343,2009,1921,154900,7681,1,3,7,1,Unf,820,523
1179,RL,1124,2006,1954,93000,8335,1,3,5,0,,1124,0
1180,RL,2514,2006,1990,250000,11170,2,4,8,2,Fin,1298,1216
1181,RM,1652,2008,2008,392500,5587,2,2,5,2,Fin,1652,0
1182,RL,4476,2007,1996,745000,15623,3,4,10,3,Fin,2411,2065
1183,RL,1130,2006,1920,120000,10800,1,2,5,2,Unf,1130,0
1184,RL,1572,2007,1963,186700,35133,1,3,5,3,RFn,1572,0
1185,RL,1221,2006,1924,104900,9738,1,4,7,1,Unf,949,272
1186,RL,1699,2009,1900,95000,10615,2,3,7,2,Unf,1014,685
1187,RL,1624,2006,1994,262000,12461,2,2,5,3,RFn,1624,0
1188,RL,1660,2009,2002,195000,8935,2,3,7,2,RFn,831,829
1189,RL,1804,2010,1999,189000,7500,2,3,7,2,Fin,1028,776
1190,RL,1622,2007,1961,168000,32463,1,3,7,4,Fin,1622,0
1191,FV,1441,2007,1999,174000,2645,2,2,5,2,Unf,764,677
1192,RM,1472,2007,1925,125000,9600,1,3,6,1,Unf,842,630
1193,RM,1224,2009,1999,165000,4500,2,2,5,2,Fin,1224,0
1194,RL,1352,2010,1969,158000,9364,1,4,7,1,Fin,663,689
1195,RL,1456,2008,2005,176000,8029,2,3,8,2,Fin,728,728
1196,RL,1863,2006,2006,219210,14054,2,4,9,3,Fin,879,984
1197,RM,1690,2006,1916,144000,8850,1,3,7,1,Unf,815,875
1198,RL,1212,2009,2001,178000,9100,2,3,6,2,RFn,1212,0
1199,RL,1382,2006,1963,148000,11235,1,3,6,2,Unf,1382,0
1200,RL,864,2006,1970,116050,9353,1,3,5,1,Unf,864,0
1201,RL,1779,2009,1998,197900,10400,2,3,6,2,RFn,866,913
1202,RM,1348,2009,1925,117000,6000,1,3,5,1,Unf,884,464
1203,RL,1630,2009,2000,213000,9750,2,3,6,2,Unf,1630,0
1204,RL,1074,2006,1975,153500,10140,1,3,6,2,RFn,1074,0
1205,RL,2196,2009,1990,271900,14684,2,3,7,3,RFn,2196,0
1206,RH,1056,2006,1966,107000,8900,1,2,5,1,Unf,1056,0
1207,RL,1700,2006,2003,200000,9135,2,3,7,2,RFn,1700,0
1208,RL,1283,2008,1962,140000,7763,1,3,6,2,Unf,1283,0
1209,RL,1660,2006,2006,290000,10182,2,3,8,2,RFn,1660,0
1210,RL,1845,2010,1992,189000,11218,2,3,8,2,RFn,1055,790
1211,RL,1752,2010,1988,164000,12134,2,4,8,2,RFn,1080,672
1212,RL,672,2009,1941,113000,9340,1,2,4,1,Unf,672,0
1213,RL,960,2006,1965,145000,10246,0,0,3,1,Unf,960,0
1214,RL,999,2006,1962,134500,10205,1,3,6,1,Unf,999,0
1215,RL,894,2007,1966,125000,7094,1,3,5,1,RFn,894,0
1216,RM,1902,2010,1978,112000,8930,2,4,8,2,Unf,1318,584
1217,FV,1314,2009,2009,229456,8640,2,3,6,2,RFn,1314,0
1218,RM,912,2006,1947,80500,6240,1,2,3,0,,672,240
1219,RM,1218,2006,1971,91500,1680,1,3,7,0,,672,546
1220,RL,912,2006,1964,115000,7800,1,2,5,1,Unf,912,0
1221,RL,1211,2008,1968,134000,8250,1,3,5,1,Unf,1211,0
1222,RL,1846,2007,1949,143000,10496,2,3,7,1,Unf,1168,678
1223,RL,2136,2006,1951,137900,10680,2,4,7,2,Unf,2136,0
1224,RL,1490,2008,2004,184000,15384,2,3,8,2,Fin,788,702
1225,RL,1138,2007,1958,145000,10482,1,3,6,1,RFn,1138,0
1226,RL,1933,2008,2007,214000,14598,2,4,9,3,Fin,894,1039
1227,RL,912,2008,1965,147000,8872,1,2,5,2,Unf,912,0
1228,RL,1702,2008,2008,367294,8769,1,1,7,3,Fin,1702,0
1229,RL,1507,2008,1960,127000,7910,2,4,7,1,Unf,1507,0
1230,RL,2620,2007,1977,190000,18890,2,4,12,2,RFn,1361,1259
1231,RL,1190,2006,1962,132500,7728,1,3,6,2,Unf,1190,0
1232,RL,1224,2007,1962,101800,9842,2,2,6,2,Unf,1224,0
1233,RL,1188,2010,1959,142000,12160,1,3,6,2,RFn,1188,0
1234,RH,1964,2008,1911,130000,8525,1,4,7,0,,1024,940
1235,RL,1784,2006,1914,138887,13132,1,4,9,1,Unf,892,892
1236,RL,1626,2010,2003,175500,2628,2,2,6,2,RFn,764,862
1237,RL,1948,2006,2004,195000,12393,2,4,8,2,Fin,847,1101
1238,RL,1141,2006,2005,142500,13072,1,3,6,2,Unf,1141,0
1239,RL,1484,2007,2006,265900,9037,2,2,6,2,RFn,1484,0
1240,RL,1768,2008,2003,224900,8158,2,3,8,2,RFn,884,884
1241,RL,1689,2007,2007,248328,9849,2,3,7,3,RFn,1689,0
1242,RL,1173,2010,1974,170000,10625,2,3,6,2,RFn,1173,0
1243,RL,2076,2006,2006,465000,13891,2,2,7,3,Fin,2076,0
1244,RL,1517,2006,1929,230000,11435,1,3,7,2,Unf,792,725
1245,RL,1868,2007,1984,178000,12090,3,3,7,2,Fin,1140,728
1246,FV,1553,2006,2005,186500,8125,2,3,6,2,RFn,756,797
1247,RL,1034,2010,1976,169900,12328,1,3,6,3,Unf,1034,0
1248,RM,2058,2008,1917,129500,9600,1,3,8,2,Unf,1134,924
1249,RL,988,2007,1950,119000,7200,1,3,6,1,Unf,988,0
1250,RL,2110,2010,1968,244000,11160,2,3,8,2,Fin,2110,0
1251,RL,1405,2006,2003,171750,3136,2,2,6,2,RFn,1405,0
1252,RL,874,2009,1968,130000,9858,1,3,5,1,RFn,874,0
1253,RL,2167,2007,1974,294000,17542,2,3,9,2,RFn,1516,651
1254,RL,1656,2008,2003,165400,6931,2,3,7,2,Fin,760,896
1255,RM,1367,2007,1931,127500,6240,1,3,6,1,Unf,959,408
1256,RL,1987,2008,1994,301500,14303,2,2,7,2,Fin,1987,0
1257,RL,864,2009,1922,99900,4060,1,2,4,0,,864,0
1258,RL,1166,2008,2005,190000,9587,2,2,5,2,Fin,1166,0
1259,RL,1054,2008,1969,151000,9750,1,3,6,2,Unf,1054,0
1260,RL,1675,2009,1999,181000,24682,2,3,7,2,Fin,892,783
1261,RL,1050,2009,1956,128900,9600,1,2,5,1,Unf,1050,0
1262,RL,1788,2009,1957,161500,11250,1,5,8,1,Unf,1104,684
1263,RL,1824,2007,1919,180500,13515,1,3,8,2,Unf,1060,764
1264,RH,1337,2008,1998,181000,4060,2,2,5,2,Fin,1337,0
1265,FV,1452,2006,1999,183900,3735,2,3,6,2,Unf,713,739
1266,RM,1889,2007,1910,122000,10120,1,4,9,1,Unf,964,925
1267,RL,2018,2010,2008,378500,13214,2,3,10,3,Fin,2018,0
1268,RL,3447,2008,1935,381000,14100,3,4,11,3,Unf,1968,1479
1269,RL,1524,2007,1958,144000,11344,1,3,7,1,Unf,874,650
1270,RL,1524,2010,1979,260000,23595,0,0,4,2,Fin,1332,192
1271,RL,1489,2009,1968,185750,9156,2,3,7,2,RFn,1489,0
1272,RL,935,2006,1965,137000,13526,1,3,5,1,Unf,935,0
1273,RL,1357,2008,1959,177000,11512,1,2,5,1,RFn,1357,0
1274,RL,1250,2007,1910,139000,5362,2,3,8,2,Unf,661,589
1275,RL,1920,2007,1948,137000,11345,2,4,10,2,Unf,928,992
1276,RL,1395,2009,1972,162000,12936,1,3,6,2,Unf,735,660
1277,RL,1724,2009,1967,197900,17871,1,3,7,2,RFn,1724,0
1278,RL,2031,2008,2002,237000,9473,2,3,7,2,RFn,1128,903
1279,C (all),1128,2010,1920,68400,7500,1,2,6,2,RFn,698,430
1280,RL,1573,2009,2002,227000,9808,2,3,6,2,RFn,1573,0
1281,RL,1339,2006,1990,180000,8049,2,2,6,2,Fin,1339,0
1282,RL,1040,2009,1977,150500,8800,2,3,5,2,Unf,1040,0
1283,RL,1824,2010,1971,139000,9400,2,4,8,0,,912,912
1284,RL,2447,2010,1919,169000,9638,2,4,10,1,Unf,1699,748
1285,RM,1412,2009,1939,132500,6000,1,4,6,1,Unf,825,587
1286,RL,1328,2010,1963,143000,9790,1,3,6,2,Unf,1328,0
1287,RL,1582,2006,1964,190000,36500,2,4,7,2,Unf,1582,0
1288,RL,1659,2009,2000,278000,5664,2,2,5,2,Fin,1659,0
1289,RL,1970,2006,2006,281000,11065,2,3,8,3,Fin,1120,850
1290,RL,1152,2010,1964,180500,14112,1,3,6,2,RFn,1152,0
1291,RM,1302,2009,1972,119500,1680,2,3,6,1,Unf,630,672
1292,RM,2372,2009,1892,107500,6600,2,4,11,1,RFn,1378,994
1293,RL,1664,2006,1976,162900,10140,2,4,8,2,RFn,832,832
1294,RL,864,2006,1955,115000,8172,1,2,5,2,Unf,864,0
1295,RL,1052,2006,1968,138500,8400,1,3,5,1,RFn,1052,0
1296,RL,1128,2008,1963,155000,8700,2,3,6,2,RFn,1128,0
1297,RM,1072,2006,2005,140000,3675,2,2,5,2,Fin,1072,0
1298,RL,5642,2008,2008,160000,63887,2,3,12,2,Fin,4692,950
1299,RL,1246,2010,1959,154000,7500,1,3,6,1,RFn,1246,0
1300,RL,1983,2009,1999,225000,10762,2,3,9,2,Fin,1005,978
1301,RL,1494,2009,1942,177500,7500,1,3,7,1,Unf,753,741
1302,RL,2526,2006,1994,290000,10120,2,4,8,3,RFn,1203,1323
1303,RL,1616,2006,2005,232000,8688,2,3,7,3,RFn,1616,0
1304,RM,1708,2006,2004,130000,3363,2,3,7,2,Unf,976,732
1305,RL,1652,2009,2006,325000,13173,2,2,6,2,Fin,1652,0
1306,RL,1368,2006,2005,202500,6955,2,2,6,2,RFn,1368,0
1307,RL,990,2009,1994,138000,8072,1,3,5,2,Unf,990,0
1308,RM,1122,2008,1948,147000,12000,1,2,6,2,Unf,1122,0
1309,RL,1294,2008,1991,179200,7153,2,3,6,2,RFn,1294,0
1310,RL,1902,2010,1959,335000,17500,2,3,7,2,Fin,1902,0
1311,RL,1274,2007,2005,203000,8814,2,3,6,2,RFn,1274,0
1312,RL,2810,2007,1990,302000,9572,2,4,9,2,RFn,1453,1357
1313,RL,2599,2010,1999,333168,14774,2,4,10,3,Fin,1422,1177
1314,RL,948,2007,1954,119000,8190,1,3,5,1,Unf,948,0
1315,RL,2112,2008,1969,206900,11075,2,4,9,2,Unf,1092,1020
1316,RL,1630,2009,2008,295493,10226,2,3,8,3,RFn,1630,0
1317,FV,1352,2007,2006,208900,4230,2,2,5,2,RFn,1352,0
1318,RL,1787,2006,2001,275000,14781,2,3,7,3,RFn,1787,0
1319,RL,948,2007,1954,111000,10215,1,3,5,1,Unf,948,0
1320,RL,1478,2009,1957,156500,8400,1,3,6,2,RFn,1478,0
1321,RL,720,2008,1949,72500,6627,1,2,4,1,Unf,720,0
1322,RL,1923,2010,1992,190000,10186,2,3,8,2,RFn,1061,862
1323,RL,708,2009,1940,82500,5330,1,2,5,0,,708,0
1324,RL,1795,2007,2006,147000,9986,2,2,7,3,RFn,1795,0
1325,RM,796,2008,1922,55000,3636,1,2,5,0,,796,0
1326,RH,774,2007,1931,79000,4270,1,3,6,0,,774,0
1327,RL,816,2008,1982,130500,6600,1,3,5,1,Unf,816,0
1328,RM,2792,2008,1920,256000,10440,2,5,8,2,Unf,1584,1208
1329,RL,1632,2006,1998,176500,9084,2,3,8,2,Fin,955,677
1330,RL,1588,2007,2006,227000,10000,2,3,7,3,RFn,1588,0
1331,RL,954,2006,1976,132500,10780,1,3,6,2,Unf,954,0
1332,RL,816,2009,1938,100000,8877,1,2,3,1,Unf,816,0
1333,RM,1360,2006,1938,125500,7200,1,2,6,1,Unf,803,557
1334,RM,1365,2009,1970,125000,2368,1,3,7,2,Unf,765,600
1335,RL,1334,2009,1977,167900,9650,2,2,6,2,RFn,1334,0
1336,RL,1656,2008,1973,135000,9246,2,4,8,2,Unf,1656,0
1337,RM,693,2006,1941,52500,4118,1,2,4,0,,693,0
1338,RL,1861,2006,2002,200000,13450,2,3,8,2,RFn,920,941
1339,RL,864,2006,1972,128500,9560,1,3,5,1,RFn,864,0
1340,RL,872,2007,1971,123000,8294,1,3,5,4,Unf,872,0
1341,RL,1114,2008,2003,155000,13695,1,3,6,2,Unf,1114,0
1342,RL,2169,2007,2002,228500,9375,2,3,7,2,RFn,1284,885
1343,RL,1913,2009,1928,177000,7558,1,3,9,2,Unf,1172,741
1344,RL,1456,2007,2006,155835,11103,2,3,8,2,Fin,728,728
1345,RM,960,2007,1920,108500,6000,1,2,5,1,Unf,960,0
1346,RL,2156,2006,1968,262500,20781,2,3,9,2,RFn,2156,0
1347,RL,1776,2007,2006,283463,15306,2,3,7,3,Fin,1776,0
1348,RL,1494,2007,1998,215000,16196,2,3,5,2,RFn,1494,0
1349,RM,2358,2008,1872,122000,5250,2,4,8,0,,938,1215
1350,RL,2634,2009,1969,200000,11643,2,6,12,4,Unf,1338,1296
1351,RL,1716,2008,1962,171000,9247,1,4,8,2,Fin,858,858
1352,RM,1176,2009,1937,134900,6000,1,2,4,2,Unf,786,390
1353,RL,3238,2010,1995,410000,14720,2,4,9,3,Fin,2053,1185
1354,RL,1865,2008,2000,235000,10316,2,3,7,3,RFn,992,873
1355,RL,1920,2006,1968,170000,10192,3,4,8,2,RFn,1222,698
1356,RL,892,2008,1966,110000,9477,1,3,5,1,RFn,892,0
1357,RL,1078,2010,1971,149900,12537,1,3,6,2,Fin,1078,0
1358,FV,1573,2010,2000,177500,2117,2,3,5,2,Unf,769,804
1359,RL,1980,2006,2004,315000,16737,2,3,8,3,Fin,1980,0
1360,RL,2601,2008,1921,189000,9842,3,4,8,2,RFn,990,1611
1361,RL,1530,2009,2005,260000,16158,2,3,7,2,Fin,1530,0
1362,RL,1738,2009,1920,104900,12513,2,4,7,1,Unf,1281,457
1363,RL,1412,2007,2006,156932,8499,2,3,6,2,Fin,616,796
1364,FV,1200,2006,2005,144152,3180,2,2,4,2,RFn,520,600
1365,FV,1674,2010,2000,216000,7500,2,3,7,2,RFn,814,860
1366,RL,1790,2008,1999,193000,9179,2,3,7,2,RFn,882,908
1367,RM,1475,2006,1977,127000,2665,2,4,6,1,RFn,925,550
1368,RM,848,2009,2003,144000,4435,1,1,4,2,Fin,848,0
1369,RL,1668,2010,2003,232000,10635,2,3,8,2,Fin,1668,0
1370,RL,1374,2009,1920,105000,5400,1,2,6,1,Fin,840,534
1371,RL,1661,2008,1955,165500,9600,1,3,8,1,RFn,1661,0
1372,RL,2097,2006,1998,274300,9750,2,3,8,2,RFn,1108,989
1373,RL,2633,2007,2001,466500,11400,2,2,8,3,RFn,2633,0
1374,FV,1958,2008,2005,250000,10625,2,3,9,3,Fin,1026,932
1375,RL,1571,2007,2007,239000,10991,2,3,7,3,Fin,1571,0
1376,RL,790,2008,1930,91000,6292,1,2,4,1,Unf,790,0
1377,RL,1604,2009,1941,117000,10998,2,3,6,2,Unf,984,620
1378,RM,987,2006,1973,83000,1953,1,2,5,1,Unf,483,504
1379,RL,1394,2008,2006,167500,9735,2,3,7,2,Fin,754,640
1380,RL,864,2010,1914,58500,8212,1,2,5,1,Unf,864,0
1381,RL,2117,2008,1970,237500,12925,2,4,7,2,Fin,2117,0
1382,RM,1762,2006,1920,157000,7200,1,4,8,2,Unf,998,764
1383,RL,1416,2007,1918,112000,25339,2,3,7,2,Unf,1416,0
1384,RL,1258,2009,1939,105000,9060,1,2,6,1,Unf,698,560
1385,RM,1154,2010,1922,125500,5436,1,3,7,1,Unf,796,358
1386,RL,2784,2006,1978,250000,16692,3,5,12,2,RFn,1392,1392
1387,RM,2526,2007,1916,136000,8520,2,5,10,1,Unf,1664,862
1388,RL,1746,2009,2006,377500,14892,2,3,7,3,Fin,1746,0
1389,RM,1218,2007,1941,131000,6000,1,3,6,2,Unf,869,349
1390,RL,1525,2006,2000,235000,9100,2,3,6,2,RFn,1525,0
1391,RL,1584,2009,1967,124000,8944,2,4,8,3,Unf,1584,0
1392,RL,900,2006,1967,123000,7838,1,3,6,1,RFn,900,0
1393,RM,1912,2008,1905,163000,10800,2,3,7,2,Unf,1221,691
1394,RL,1500,2006,2006,246578,4045,2,2,6,3,Fin,1500,0
1395,RL,2482,2007,2005,281213,12665,2,4,9,3,Fin,1133,1349
1396,RL,1687,2010,1948,160000,57200,1,3,7,2,Unf,1687,0
1397,RM,1513,2007,1920,137500,6120,1,4,8,1,Unf,939,574
1398,RL,1904,2009,1950,138000,7200,1,3,7,1,Unf,1136,768
1399,RL,1608,2009,1925,137450,6171,2,3,7,1,Unf,1160,448
1400,RM,1158,2008,1929,120000,6000,1,3,5,1,RFn,950,208
1401,RL,1593,2008,2004,193000,7415,2,3,8,2,Fin,864,729
1402,RL,1294,2006,2006,193879,6762,2,2,6,2,RFn,1294,0
1403,RL,1464,2007,2007,282922,15256,2,3,6,3,Unf,1464,0
1404,RL,1214,2006,1915,105000,10410,1,3,6,3,Unf,694,520
1405,RM,1646,2008,2004,275000,3842,2,2,5,2,Fin,1646,0
1406,RL,768,2009,1972,133000,8445,1,2,5,2,Unf,768,0
1407,RL,833,2009,1985,112000,8780,1,3,5,0,,833,0
1408,RM,1363,2010,1910,125500,7740,1,3,6,2,Unf,741,622
1409,RL,2093,2008,1986,215000,20544,2,3,7,2,Fin,1236,857
1410,RL,1840,2009,2001,230000,12420,2,3,6,2,RFn,944,896
1411,RL,1668,2009,1950,140000,9600,1,3,6,1,Unf,1112,556
1412,RL,1040,2009,1949,90000,7200,2,2,6,2,Unf,1040,0
1413,RL,1844,2009,2005,257000,10994,2,2,7,2,Fin,1844,0
1414,RL,1848,2008,1923,207000,13053,1,4,8,2,Unf,1053,795
1415,RL,1569,2009,2007,175900,3635,2,1,7,3,RFn,1569,0
1416,RM,2290,2010,1885,122500,11340,2,4,11,2,Unf,1246,1044
1417,RL,2450,2009,1998,340000,16545,2,3,7,3,Fin,1310,1140
1418,RL,1144,2008,1963,124000,9204,1,3,6,1,Unf,1144,0
1419,RL,1844,2006,1969,223000,16381,2,3,7,2,RFn,1844,0
1420,RL,1416,2006,1968,179900,11700,2,3,7,2,RFn,708,708
1421,RL,1069,2010,1977,127500,4043,2,2,4,2,RFn,1069,0
1422,RM,848,2008,2003,136500,4435,1,1,3,2,Fin,848,0
1423,RL,2201,2006,1966,274970,19690,2,4,8,2,Unf,1575,626
1424,RL,1344,2007,1958,144000,9503,1,2,6,1,Unf,1344,0
1425,RL,1252,2008,1959,142000,10721,1,3,7,2,Unf,1252,0
1426,RL,2127,2008,1994,271000,10944,2,3,5,2,RFn,1223,904
1427,RL,1558,2008,1945,140000,10930,1,3,6,1,Unf,1048,510
1428,RM,804,2010,1940,119000,7200,1,2,4,1,Unf,804,0
1429,RL,1440,2007,1981,182900,12546,2,3,7,2,Fin,1440,0
1430,RL,1838,2006,2005,192140,21930,2,4,7,2,Fin,734,1104
1431,RL,958,2009,1976,143750,4928,2,2,5,2,RFn,958,0
1432,RL,968,2007,1927,64500,10800,2,4,5,1,Unf,968,0
1433,RL,1792,2008,2000,186500,10261,2,3,8,2,Fin,962,830
1434,RL,1126,2006,1977,160000,17400,2,3,5,2,RFn,1126,0
1435,RL,1537,2008,1962,174000,8400,1,3,7,2,RFn,1537,0
1436,RL,864,2007,1971,120500,9000,1,3,5,2,Unf,864,0
1437,RL,1932,2008,2008,394617,12444,2,2,7,3,Fin,1932,0
1438,RM,1236,2010,1957,149700,7407,1,2,6,2,Unf,1236,0
1439,RL,1725,2007,1979,197000,11584,2,3,6,2,RFn,1040,685
1440,RL,2555,2008,1922,191000,11526,2,3,11,2,Fin,1423,748
1441,RM,848,2008,2004,149300,4426,1,1,3,2,RFn,848,0
1442,FV,2007,2009,2008,310000,11003,2,3,10,3,Fin,1026,981
1443,RL,952,2009,1916,121000,8854,1,2,4,1,Unf,952,0
1444,RL,1422,2007,2004,179600,8500,2,3,7,2,RFn,1422,0
1445,RL,913,2007,1966,129000,8400,1,3,6,1,Unf,913,0
1446,RL,1188,2010,1962,157900,26142,1,3,6,1,Unf,1188,0
1447,RL,2090,2007,1995,240000,10000,2,3,8,2,RFn,1220,870
1448,RL,1346,2007,1910,112000,11767,1,2,6,1,Unf,796,550
1449,RM,630,2006,1970,92000,1533,1,1,3,0,,630,0
1450,RL,1792,2009,1974,136000,9000,2,4,8,0,,896,896
1451,RL,1578,2009,2008,287090,9262,2,3,7,3,Fin,1578,0
1452,RM,1072,2006,2005,145000,3675,1,2,5,2,Fin,1072,0
1453,RL,1140,2006,2006,84500,17217,1,3,6,0,,1140,0
1454,FV,1221,2009,2004,185000,7500,2,2,6,2,RFn,1221,0
1455,RL,1647,2007,1999,175000,7917,2,3,7,2,RFn,953,694
1456,RL,2073,2010,1978,210000,13175,2,3,7,2,Unf,2073,0
1457,RL,2340,2010,1941,266500,9042,2,4,9,1,RFn,1188,1152
1458,RL,1078,2010,1950,142125,9717,1,2,5,1,Unf,1078,0
1459,RL,1256,2008,1965,147500,9937,1,3,6,1,Fin,1256,0
